-- MariaDB dump 10.19  Distrib 10.4.24-MariaDB, for Win64 (AMD64)
--
-- Host: 127.0.0.1    Database: onlineshopdigikala
-- ------------------------------------------------------
-- Server version	10.4.24-MariaDB

/*!40101 SET @OLD_CHARACTER_SET_CLIENT=@@CHARACTER_SET_CLIENT */;
/*!40101 SET @OLD_CHARACTER_SET_RESULTS=@@CHARACTER_SET_RESULTS */;
/*!40101 SET @OLD_COLLATION_CONNECTION=@@COLLATION_CONNECTION */;
/*!40101 SET NAMES utf8mb4 */;
/*!40103 SET @OLD_TIME_ZONE=@@TIME_ZONE */;
/*!40103 SET TIME_ZONE='+00:00' */;
/*!40014 SET @OLD_UNIQUE_CHECKS=@@UNIQUE_CHECKS, UNIQUE_CHECKS=0 */;
/*!40014 SET @OLD_FOREIGN_KEY_CHECKS=@@FOREIGN_KEY_CHECKS, FOREIGN_KEY_CHECKS=0 */;
/*!40101 SET @OLD_SQL_MODE=@@SQL_MODE, SQL_MODE='NO_AUTO_VALUE_ON_ZERO' */;
/*!40111 SET @OLD_SQL_NOTES=@@SQL_NOTES, SQL_NOTES=0 */;

--
-- Table structure for table `comment`
--

DROP TABLE IF EXISTS `comment`;
/*!40101 SET @saved_cs_client     = @@character_set_client */;
/*!40101 SET character_set_client = utf8 */;
CREATE TABLE `comment` (
  `ID` int(11) NOT NULL AUTO_INCREMENT,
  `customer_ID` int(11) DEFAULT NULL,
  `product_ID` int(11) DEFAULT NULL,
  `score` int(11) DEFAULT NULL,
  `created_at` timestamp NOT NULL DEFAULT current_timestamp() ON UPDATE current_timestamp(),
  `content` varchar(300) DEFAULT NULL,
  PRIMARY KEY (`ID`),
  KEY `customer_ID` (`customer_ID`),
  KEY `product_ID` (`product_ID`),
  CONSTRAINT `comment_ibfk_1` FOREIGN KEY (`customer_ID`) REFERENCES `customer` (`ID`),
  CONSTRAINT `comment_ibfk_2` FOREIGN KEY (`product_ID`) REFERENCES `product` (`ID`)
) ENGINE=InnoDB AUTO_INCREMENT=101 DEFAULT CHARSET=utf8mb4;
/*!40101 SET character_set_client = @saved_cs_client */;

--
-- Dumping data for table `comment`
--

LOCK TABLES `comment` WRITE;
/*!40000 ALTER TABLE `comment` DISABLE KEYS */;
INSERT INTO `comment` (`ID`, `customer_ID`, `product_ID`, `score`, `created_at`, `content`) VALUES (1,107,66,9,'2006-10-25 19:16:24','Consequatvel ad esse velit veniam facilisi commodoconsequat feugiat laoreet suscipit adipiscing enim consequatvel ad ut delenit erat molestie vulputate feugiat feugait dignissim erat vero eum nulla praesent nostrud esse accumsan lobortis dolore dolore ipsum hendrerit feugait hendrerit nostrud.'),(2,107,108,2,'2017-05-15 02:27:47','Accumsan wisi ea blandit duis ad nulla quis at blandit nulla et minim facilisi aliquip facilisis quis minim ex dolore minim duis dignissim praesent ipsum nibh facilisis dignissim lobortis dolor nislut in aliquip iustoodio enim elitsed tincidunt euismod wisi commodo te delenitaugue nulla euismod blan'),(3,50,137,5,'1999-02-10 19:43:24','Adipiscing delenitaugue tincidunt delenitaugue velit illum facilisi qui ipsum veniamquis blandit dolore delenitaugue lorem enim facilisis ut feugiat laoreet in blandit duis molestie et vulputate te invulputate praesent praesent dolore exerci dolore duis iriure et ea te velit dolore iriuredolor ut fa'),(4,71,108,5,'2016-12-31 01:34:13','Nulla duis doloremagna consequat volutpat dolore laoreet minim nostrud duis vel veniamquis euismod consectetuer tation nulla aliquip exerci eros vel enim dolore veniamquis in luptatumzzril adipiscing.'),(5,103,80,6,'2017-04-25 20:22:53','Autem ipsum veniam nulla eum nislut dolore vel odio iriuredolor laoreet eum nisl duis illum minim facilisis dignissim minim consequatvel duis volutpat praesent duis.'),(6,52,99,1,'1993-06-06 14:55:22','Qui ad amet eros eum vero vel feugait consectetuer vel adipiscing minim molestie iriure facilisi etaccumsan duis facilisi ex accumsan consequatvel aliquam eufeugiat minim consequat nostrud hendrerit nisl delenitaugue ut dolore vero consequatvel elitsed at praesent illum volutpat minim aliquip Utwisi'),(7,79,74,10,'2021-11-14 13:17:24','Vero Utwisi et Utwisi iriuredolor vel Utwisi suscipit euismod delenitaugue luptatum velit vero dolor in consectetuer duis hendrerit duis vel molestie laoreet veniam adipiscing exerci vero exerci dignissim diam praesent et illum dolor vel consequat duis ex praesent delenitaugue Utwisi feugiat zzril d'),(8,61,65,3,'1993-10-21 06:46:51','Feugiat ut molestie lobortis nulla lorem duis dolore luptatum luptatumzzril tation sit facilisis veniamquis eros consequat aliquip illum blandit diam doloremagna delenitaugue duis elitsed augue laoreet blandit etaccumsan odio eufeugiat nulla esse et lobortis hendrerit velit nostrud feugait eufeugiat'),(9,61,113,5,'1997-01-14 00:23:54','Nulla nibh nulla vulputate molestie hendrerit ut accumsan delenitaugue dolor duis dolore accumsan commodoconsequat nulla at minim Utwisi commodo enim aliquip dignissim wisi facilisis invulputate tincidunt augue minim nostrud molestie duis duis eufeugiat tationullamcorper ut ea dignissim qui dolorema'),(10,36,53,6,'2017-10-29 13:36:30','Aliquip facilisis in accumsan ad veniam enim minim diam exerci erat doloremagna quis duis enim facilisis vel adipiscing at doloremagna nonummy facilisis autem augue consequatvel molestie et facilisis nibh luptatum ipsum nisl ad.'),(11,36,96,1,'2006-02-18 14:09:08','Iusto exerci eu dignissim vulputate elitsed blandit et ex eum tincidunt lorem facilisi nibh eum praesent facilisi amet ad iriuredolor quis illum commodoconsequat accumsan vel erat erat enim vero hendrerit doloremagna vel nulla doloremagna at.'),(12,17,110,1,'1998-01-06 04:28:24','Minim ullamcorper elitsed consequat veniamquis nostrud facilisi ad delenit diam invulputate feugait dolor nibh et minim velit commodoconsequat odio accumsan te facilisis ut consectetuer enim illum dolore duis dolor autem nulla iustoodio vel doloremagna velit iriuredolor consequat iriuredolor in dolo'),(13,141,75,2,'1994-12-15 13:49:09','In dignissim amet nulla molestie duis nulla consequat dignissim nulla ad nulla ut volutpat praesent augue consequatvel odio vel eu iustoodio eufeugiat invulputate duis facilisis et ex vel blandit dolor volutpat elitsed qui nisl duis delenit consectetuer delenit qui ad vel hendrerit ea iriure vel lob'),(14,105,57,7,'1999-05-09 18:57:33','Dolor enim wisi exerci consequatvel eum consequat nostrud aliquam dolor delenitaugue laoreet ipsum autem qui erat tationullamcorper volutpat nostrud blandit lorem duis duis luptatumzzril nulla doloremagna veniamquis iustoodio commodo esse vulputate ea blandit ut sit blandit lobortis dolore suscipit '),(15,32,135,3,'2011-11-26 10:07:02','Praesent illum eu dolore enim aliquip duis vero dolore ipsum etaccumsan vero velit te suscipit ut iriuredolor vel diam facilisi ipsum molestie vulputate molestie eu.'),(16,108,1,8,'1994-03-22 09:55:28','Etaccumsan eum delenit delenit delenit velit nislut iustoodio enim facilisis iriure enim odio et ipsum ut in veniam delenitaugue illum vero qui enim commodo dolore laoreet et facilisis iriuredolor hendrerit esse aliquip nislut delenit ipsum lorem te facilisis minim eros ipsum dolore augue adipiscing'),(17,45,6,9,'2011-02-20 18:00:43','Luptatum illum vel consequat suscipit vel lobortis eu facilisis nostrud blandit ut facilisi eufeugiat praesent dolore autem doloremagna quis blandit vero tation aliquam at adipiscing augue augue illum velit duis praesent ut dolore ea commodo nulla iustoodio blandit illum dolore et eu vulputate enim '),(18,98,149,2,'2019-04-05 13:29:45','Enim eum ipsum iustoodio quis veniam ut et eum dolore blandit laoreet commodoconsequat lobortis enim ad iusto ex odio augue blandit eros nisl nulla eum delenitaugue esse aliquip minim amet laoreet eum esse te dignissim velit veniam autem lobortis ipsum velit consequat nulla duis diam velit vulputate'),(19,141,133,10,'2006-03-15 06:56:25','Iusto odio nulla facilisis in nostrud hendrerit delenit hendrerit aliquip nibh nulla velit duis te feugait at eum diam nisl dolore wisi elitsed blandit at amet ipsum Utwisi vulputate augue veniamquis nulla veniam lorem autem facilisis hendrerit velit nostrud facilisis luptatumzzril adipiscing nibh i'),(20,141,135,4,'2000-08-22 17:55:38','Duis ipsum etaccumsan in odio vel consequat vero lorem esse ut augue esse feugait in volutpat wisi quis vel tation delenit in molestie exerci blandit odio feugiat iustoodio zzril illum dolore lobortis tincidunt ea nulla laoreet dolore augue adipiscing feugait veniam praesent Utwisi commodo in tation'),(21,37,106,9,'2016-01-22 19:46:14','Euismod zzril iusto dolore enim nulla duis blandit lobortis feugiat vulputate tincidunt nisl dolor dolore ipsum velit iriure illum iriure vero hendrerit accumsan laoreet ea dolore duis erat duis invulputate nisl te consectetuer diam consequatvel invulputate nulla odio.'),(22,38,20,6,'2015-02-22 02:53:02','Vero hendrerit lorem dolore minim ad qui eum ex aliquip minim lobortis volutpat ea nibh eum feugait sit nulla nislut consequat nislut autem eufeugiat facilisis nulla eu nulla illum nibh illum molestie te lobortis illum consectetuer amet velit nonummy ipsum odio illum eros lobortis erat illum feugait'),(23,38,24,5,'2001-04-21 18:58:58','Eum hendrerit ex quis minim praesent duis consequatvel aliquip Utwisi facilisi Utwisi in qui dignissim wisi nulla nonummy adipiscing eu commodoconsequat ex ea commodo in odio odio dolore suscipit dolore dolore.'),(24,38,78,2,'2008-08-30 12:22:40','Iriure commodoconsequat nibh velit eum ex iriure nulla aliquip odio delenitaugue duis zzril esse autem minim ex tation blandit ipsum sit etaccumsan ut luptatum nostrud iriure molestie euismod tation ad commodoconsequat et dignissim ullamcorper nulla.'),(25,38,128,5,'1997-11-26 17:16:46','Invulputate velit vero luptatumzzril at ullamcorper suscipit nostrud molestie ad lorem nonummy accumsan ex ullamcorper hendrerit ullamcorper at volutpat eros ex ea vulputate euismod invulputate iusto qui wisi consequat velit velit molestie iriure velit dolore iustoodio facilisis commodo volutpat aut'),(26,58,106,4,'2007-02-15 20:09:38','Eufeugiat illum aliquip suscipit eum feugait lobortis nostrud iriuredolor veniamquis vel ut suscipit nostrud erat luptatum commodo elitsed blandit consequat adipiscing molestie et esse dolor ut blandit vel ex duis ad tation autem suscipit augue illum dolore praesent dolor doloremagna commodo dolore '),(27,58,116,3,'2000-03-25 22:49:08','Nisl praesent dolor eu ipsum feugiat eros in quis velit dolore hendrerit feugait dignissim feugiat laoreet iusto eufeugiat doloremagna ut ea exerci elitsed suscipit illum veniamquis velit dolore erat feugait nulla qui facilisi aliquip at blandit duis Utwisi ex duis praesent facilisis nostrud duis nu'),(28,42,24,7,'2015-02-04 15:37:30','Iriure dolor hendrerit velit eufeugiat enim molestie esse duis volutpat esse volutpat autem odio at duis commodo delenitaugue exerci delenit dignissim illum te illum facilisis duis commodoconsequat molestie odio ea erat consequatvel te eros invulputate lorem in euismod enim accumsan nulla nulla wisi'),(29,42,121,3,'2008-05-07 15:28:44','Commodo dolor in facilisis Utwisi dolore vero veniam nostrud illum dolor duis eros illum duis erat volutpat sit blandit nostrud euismod delenit et.'),(30,67,95,2,'2006-01-13 16:50:33','Eum eum aliquip eum tincidunt nonummy esse dolore ut eu esse dignissim nisl duis delenitaugue et consequat in euismod vel vel nonummy augue molestie duis tationullamcorper eu blandit ipsum consectetuer illum in odio duis iriure exerci te ea laoreet duis ullamcorper nulla dignissim iustoodio et vel e'),(31,67,24,1,'2013-02-06 01:31:17','At et accumsan nibh nostrud lorem eros vel quis adipiscing consectetuer ut feugait iriuredolor eum eu zzril et iriuredolor in veniam minim lobortis consequatvel at etaccumsan commodoconsequat iriure nonummy in consectetuer consequatvel vero vulputate luptatum tationullamcorper dolor odio molestie he'),(32,119,101,4,'1996-08-30 13:50:44','Autem praesent suscipit te esse suscipit doloremagna erat eum duis volutpat eum lobortis qui veniam consequat consequat commodoconsequat nulla enim diam veniam volutpat blandit nostrud zzril duis minim laoreet nisl iustoodio tincidunt blandit dolore nulla iustoodio invulputate ut euismod erat lobort'),(33,103,96,3,'2005-02-06 23:19:20','Facilisi iusto nulla consequat facilisis delenitaugue feugait duis veniamquis amet eros molestie esse nislut blandit iriuredolor eum feugait te luptatum ullamcorper esse hendrerit suscipit amet amet minim wisi at laoreet duis aliquip euismod ipsum luptatum tation lobortis zzril wisi dolore laoreet f'),(34,77,48,1,'2003-09-11 05:20:53','Zzril feugiat eu vel veniamquis blandit tationullamcorper veniamquis iustoodio velit aliquip autem ut ut feugait feugait at nulla adipiscing esse odio eros vero dolore amet nulla commodo consequat nisl lorem dolore consequatvel duis elitsed luptatum exerci Utwisi dignissim at laoreet iriure aliquip '),(35,57,5,5,'2012-02-10 01:11:28','Commodoconsequat ad qui suscipit lobortis ipsum vel ullamcorper autem enim dignissim suscipit consequat ea nostrud vero commodoconsequat at iustoodio ut qui molestie adipiscing in feugait exerci facilisi laoreet vero dolor laoreet in nulla exerci dolor.'),(36,57,83,1,'2000-03-12 23:27:57','Diam feugiat lobortis volutpat nostrud at sit adipiscing erat facilisis nulla ex velit te nulla luptatum duis augue dolore vero et amet ea suscipit hendrerit accumsan enim ad in ipsum eu at duis accumsan nulla in vulputate esse lorem qui erat iusto iusto diam dignissim accumsan wisi erat velit odio '),(37,57,89,2,'2009-10-15 15:44:21','Amet dolore odio blandit volutpat quis ad praesent zzril nulla dolore nulla vero praesent amet duis blandit dolore eum duis dignissim wisi luptatumzzril te euismod esse qui te ipsum consequatvel ea odio consequat invulputate laoreet laoreet veniam tationullamcorper dignissim vel feugait consequatvel'),(38,52,98,6,'2005-11-17 03:32:34','Feugait dolor vero elitsed tincidunt feugait facilisi erat consequatvel velit euismod amet feugait te ipsum ut accumsan eum facilisis zzril delenitaugue hendrerit.'),(39,4,35,1,'2016-12-11 03:03:32','Nonummy facilisi vero vel veniam diam iustoodio eum illum duis ea enim nisl diam feugait autem veniamquis blandit duis ad dolor praesent te odio molestie ea eros eum duis exerci dignissim blandit facilisi exerci te facilisi ut molestie feugiat et amet sit molestie molestie iusto at consequatvel esse'),(40,4,119,1,'1998-01-31 07:36:50','Illum dolore in feugait ea at ex euismod qui te dignissim commodo at erat velit feugait ut hendrerit hendrerit dignissim velit praesent eum nulla velit ad dignissim at lobortis blandit eros ipsum eros dignissim facilisi odio dolore dolore facilisis in volutpat tincidunt hendrerit minim hendrerit Utw'),(41,4,128,4,'2020-08-01 06:45:29','Nostrud lobortis etaccumsan amet nislut dolor dolore suscipit tincidunt at qui hendrerit blandit ut aliquip lobortis tation tationullamcorper odio veniam eufeugiat luptatum nulla ad blandit tation nulla ea facilisis velit autem delenit dolore sit lobortis ea nonummy ex vel nonummy veniamquis sit dol'),(42,95,41,9,'1995-07-06 11:08:23','Ipsum et eufeugiat feugait duis molestie facilisis eum eu ad augue minim autem ut dolore te sit iustoodio esse feugiat iusto feugiat doloremagna autem et aliquip lobortis esse te lorem amet luptatum augue iusto commodo te.'),(43,95,110,1,'2000-12-05 00:12:57','Ipsum in te zzril dignissim enim feugait blandit eros iustoodio eufeugiat suscipit facilisis zzril elitsed lobortis vero facilisis molestie autem facilisi ipsum laoreet tation dignissim dolore feugait nibh consectetuer dolore qui vulputate dolore sit feugiat et qui suscipit nisl esse aliquip exerci.'),(44,95,138,8,'1999-04-27 00:25:01','Ad nulla accumsan eufeugiat zzril doloremagna facilisis vulputate praesent in vel luptatumzzril eum lobortis qui adipiscing ut lobortis iusto iriuredolor ut duis elitsed duis dolore nulla ad consequat duis esse autem delenitaugue dolore nostrud vulputate lobortis consequatvel autem suscipit duis fac'),(45,143,5,5,'1994-04-02 19:22:35','Praesent Utwisi dolore qui vel consequatvel lobortis ex feugait esse ut lobortis autem adipiscing illum exerci in doloremagna iustoodio nislut praesent eros ullamcorper amet feugiat eum eu ad qui facilisis luptatum blandit illum tationullamcorper velit nostrud nonummy facilisi Utwisi zzril nislut mo'),(46,5,12,6,'2021-04-10 00:41:35','Qui eufeugiat commodo eros ea diam ad eu veniam nostrud amet lobortis hendrerit duis ex ea tation molestie at facilisi at te elitsed eu delenitaugue ad hendrerit feugait exerci ea doloremagna esse nostrud luptatumzzril et odio minim doloremagna esse zzril qui te molestie exerci commodo exerci eu inv'),(47,81,36,3,'2011-05-20 08:21:44','Duis ut aliquip duis eum consequat blandit iustoodio qui autem invulputate qui nostrud vel consectetuer sit molestie at nulla tincidunt ut sit feugiat molestie dolor eufeugiat dolor iriure nostrud enim laoreet.'),(48,81,114,4,'2003-07-31 13:56:33','Odio facilisis nulla iriure lobortis in enim velit invulputate lobortis eufeugiat ex et enim invulputate duis esse facilisi exerci vel aliquip delenitaugue lobortis molestie nulla facilisi qui nulla ea elitsed aliquip dolore delenit et in eu autem veniamquis at veniamquis odio dolore facilisi eufeug'),(49,91,2,10,'2017-03-20 05:40:07','Autem dignissim duis tincidunt suscipit iusto et eum ad illum commodoconsequat iusto exerci exerci facilisis nulla accumsan nulla feugait dolore duis duis nisl vel qui facilisis lorem duis ea vero etaccumsan zzril tation accumsan.'),(50,91,50,1,'2019-12-30 14:36:27','Vel luptatum nulla at nibh eros vero etaccumsan consequatvel odio volutpat diam commodo nisl illum velit in in nonummy ex laoreet eum iriuredolor vero ad ullamcorper enim suscipit erat adipiscing aliquip illum eum vel nostrud diam laoreet ad eum ex nisl enim et nisl facilisis ut te qui dignissim dui'),(51,91,88,9,'1993-07-11 10:29:35','Etaccumsan etaccumsan suscipit aliquip dolore Utwisi consectetuer te nulla quis dolore lobortis zzril dolore wisi ea minim ad in nulla lobortis nulla illum nibh delenitaugue diam te aliquam nulla in delenit qui vero nibh nulla eufeugiat vulputate enim et vel dolor diam duis eum nulla tincidunt digni'),(52,20,67,4,'1994-08-15 22:41:46','Diam feugait etaccumsan iriure facilisis feugait volutpat lorem luptatumzzril iriuredolor ipsum nisl eros dolore eum ut ad accumsan facilisi lorem in nostrud laoreet amet eros ex tincidunt eros augue odio autem tationullamcorper in minim in velit dignissim vero dolore ex velit nulla ut te lobortis e'),(53,141,67,2,'2003-01-02 04:52:17','Aliquip augue esse minim lorem te nulla et Utwisi ad nostrud facilisis eu tationullamcorper qui vulputate tation hendrerit duis invulputate nostrud consequat suscipit nulla diam tincidunt velit doloremagna esse augue te lobortis dolore in nonummy nulla amet erat.'),(54,1,145,2,'1999-09-18 21:36:14','At adipiscing eros enim ullamcorper eum augue in ipsum eros vel iusto nonummy augue lobortis in hendrerit vel dolor duis delenitaugue ullamcorper lobortis vel facilisis et vel vel ullamcorper nibh nostrud vero nonummy nislut exerci at lobortis ex nostrud lobortis blandit adipiscing quis blandit ea s'),(55,106,71,10,'2004-01-29 06:23:08','Eum eu blandit te in commodoconsequat zzril consequat ex ex blandit te facilisis tation dolore invulputate nislut velit luptatum wisi nulla nulla.'),(56,40,116,4,'2020-02-26 15:28:16','Qui wisi augue vero iriuredolor facilisi ipsum diam dolore lobortis erat minim at dignissim velit ad dolore amet eufeugiat erat blandit consequat eum vulputate facilisis in qui Utwisi accumsan esse doloremagna enim autem nislut ut blandit lobortis Utwisi dolore exerci molestie enim in luptatum hendr'),(57,40,144,6,'2022-03-30 14:36:47','Exerci autem at aliquip consequat blandit illum odio velit accumsan suscipit tation dolor euismod velit enim iriure illum nostrud adipiscing ex ad facilisis vel amet vel vulputate aliquip suscipit dolore tationullamcorper molestie tincidunt ad lobortis nulla nulla velit eros consequat lorem eros dui'),(58,2,57,6,'2019-03-23 17:16:59','Iriure vero exerci vel odio nulla ad ex accumsan nulla qui enim aliquam volutpat in augue at vel luptatumzzril aliquip aliquam vulputate dolore etaccumsan dolore velit ut tincidunt qui at elitsed luptatumzzril et et consequat wisi molestie nisl commodo facilisi eros eros dolore odio iusto vel exerci'),(59,112,122,8,'2003-06-24 07:52:27','Molestie odio volutpat commodoconsequat elitsed nulla feugait enim eufeugiat feugait dolore at dignissim dolore nulla tincidunt et aliquip nonummy ut volutpat blandit enim autem iriure sit consequat te minim vulputate hendrerit duis tationullamcorper aliquip praesent iustoodio lorem nulla dolore dia'),(60,20,37,5,'1995-02-03 17:29:45','Facilisis qui commodo dolor enim veniamquis erat iriuredolor nulla consequatvel veniam enim consequatvel esse nisl eu dolore suscipit consectetuer velit vel hendrerit commodo dignissim facilisis autem veniamquis ipsum at duis ex duis exerci qui eros illum commodo etaccumsan te enim quis qui autem am'),(61,98,144,8,'2018-03-27 10:31:40','Minim luptatumzzril suscipit enim feugait amet minim ad et feugait molestie zzril dolore nislut vero aliquip eufeugiat feugait volutpat velit eu exerci aliquip sit ipsum tationullamcorper vel duis consequat augue illum exerci consequatvel feugiat ea volutpat ad suscipit autem zzril iriuredolor minim'),(62,87,96,9,'2003-10-20 01:10:59','Dignissim nulla dolore dolore luptatum Utwisi consequatvel hendrerit feugait iustoodio dignissim nislut autem nostrud eufeugiat eros eu veniam lobortis exerci feugait vel iriure in nibh nisl qui exerci sit luptatumzzril facilisi et duis iriuredolor.'),(63,37,38,6,'2016-12-04 16:57:41','Molestie ex nulla esse iustoodio dolore dolor veniam iriure delenitaugue nonummy tationullamcorper exerci suscipit vel invulputate doloremagna iusto aliquam molestie dolor dolore elitsed iustoodio illum iriure etaccumsan consequat consectetuer ut ut enim et ut elitsed odio molestie elitsed exerci do'),(64,37,124,7,'1994-04-26 21:23:40','Aliquip esse exerci qui lobortis lobortis dolore eum quis iriure suscipit duis zzril facilisi nonummy ullamcorper etaccumsan tationullamcorper nonummy nulla in ad tation hendrerit consectetuer lobortis nonummy tationullamcorper nostrud velit eu nulla ad autem lobortis lorem volutpat ex veniamquis fe'),(65,120,71,5,'2012-05-17 13:35:13','Iusto eros facilisi nostrud hendrerit ea feugait erat facilisis nulla velit delenitaugue esse consequat euismod tation qui enim praesent eu laoreet commodo accumsan ad.'),(66,31,3,9,'1993-04-02 18:04:36','Ea tation in at ea nisl ea eros volutpat nulla etaccumsan qui dolore eu esse esse aliquip ipsum eros vero et amet doloremagna blandit augue amet aliquip illum facilisi facilisis facilisis nulla blandit blandit blandit duis enim vero exerci elitsed augue commodo vero.'),(67,31,36,2,'2016-02-19 11:38:57','Eufeugiat vulputate amet blandit consequatvel sit elitsed commodo velit nostrud nonummy aliquip in consequat vel facilisis autem vero vel illum in vulputate dolor volutpat ullamcorper te dolore suscipit praesent at qui suscipit duis dolore suscipit commodo tation consectetuer wisi ut hendrerit te il'),(68,98,62,7,'2010-09-29 09:45:00','Ex veniamquis nulla euismod nisl eufeugiat feugait feugait eum praesent ipsum nislut enim nulla diam ad dolore augue augue vel erat lobortis iustoodio nisl veniam tation minim praesent ipsum iustoodio elitsed nisl suscipit.'),(69,98,69,9,'2010-01-12 23:52:22','Quis ea consequat nonummy eum aliquip in te vero et luptatumzzril in volutpat tation diam ut facilisi et ea nostrud.'),(70,20,5,4,'1994-08-22 09:39:57','Ut aliquam duis luptatum vero hendrerit duis erat te commodoconsequat nislut consequat iriure ut augue nostrud iriuredolor blandit facilisi nostrud minim minim iriure nibh illum vel suscipit dolor duis delenitaugue dolore blandit nostrud iustoodio invulputate hendrerit illum doloremagna ipsum feugai'),(71,58,120,9,'1992-06-17 22:16:42','Lobortis dignissim ea esse te lobortis ut autem tation nibh eu minim ut aliquip nislut at lorem minim autem doloremagna eros te molestie molestie nibh ex consectetuer qui consectetuer dolore consequatvel delenit.'),(72,58,137,4,'2016-10-07 13:16:49','Nibh et iustoodio ut vel feugait ut ut ad euismod consequatvel delenit facilisis nulla ut feugait enim nostrud ipsum nislut dolore euismod molestie eum consequat dolore vel nulla etaccumsan ea Utwisi delenitaugue autem dolore vel aliquip nibh aliquip blandit facilisi dolor consequat nisl et nostrud '),(73,48,5,4,'2013-07-22 08:53:04','Illum minim consectetuer ea qui euismod esse duis vero vel laoreet volutpat lorem lorem nisl hendrerit iustoodio wisi duis invulputate accumsan vel aliquam dignissim dignissim dolore iriuredolor at.'),(74,48,71,8,'2003-01-28 06:36:45','Tationullamcorper at molestie te luptatumzzril etaccumsan vulputate delenit amet tincidunt nisl delenitaugue velit iustoodio illum at velit facilisis nislut illum commodo te elitsed hendrerit velit te duis eum te hendrerit tation illum diam dignissim duis euismod quis euismod illum velit eros at sit'),(75,48,127,8,'1993-07-15 05:48:17','In laoreet consequatvel enim etaccumsan praesent duis iriuredolor duis molestie nonummy ad minim duis veniamquis consequat praesent dolore nostrud ea nulla aliquip in lobortis ea vel autem qui consequat aliquip facilisi suscipit minim lorem lorem tation doloremagna iustoodio autem et volutpat eufeug'),(76,100,44,4,'1998-10-01 14:46:42','Illum amet iusto duis nulla hendrerit eu facilisis eum molestie vero duis nonummy suscipit Utwisi iriuredolor veniam vero facilisi tationullamcorper exerci eros minim illum ea euismod ipsum lobortis doloremagna ut vero suscipit dolor consequat facilisi dolore ut illum praesent wisi ea adipiscing dol'),(77,59,84,1,'1999-01-31 02:41:59','Eros consequat suscipit duis duis ad adipiscing enim accumsan veniam consequat nulla nibh ad enim praesent odio duis duis facilisi blandit aliquip nonummy tincidunt lobortis praesent ut adipiscing nisl nulla illum exerci molestie velit commodoconsequat et et delenitaugue tation facilisi erat Utwisi '),(78,59,140,6,'2012-05-06 09:06:56','Feugait duis ex suscipit laoreet blandit ex eufeugiat minim nulla enim facilisi suscipit at consectetuer blandit wisi lobortis nulla lobortis ullamcorper consequat dolore nulla vero dignissim consequatvel facilisis dolore dolore diam ut ut laoreet et eu consequat euismod amet molestie velit iusto eu'),(79,144,30,9,'2010-07-06 06:07:48','Volutpat quis eros tationullamcorper veniam facilisi dignissim nonummy molestie esse eufeugiat lorem luptatumzzril ad vulputate ut blandit suscipit illum dignissim dignissim velit qui dolor suscipit elitsed aliquam nulla etaccumsan.'),(80,144,56,10,'2019-10-08 09:27:27','Eros ad vero in eum feugait et sit vel facilisi hendrerit qui nonummy Utwisi eum ut dignissim lobortis luptatum consequatvel tation in delenit facilisis suscipit dolor consequat aliquam iriure dolor praesent nisl consequat doloremagna molestie ad velit lobortis accumsan exerci duis consequat blandit'),(81,125,125,6,'2007-08-09 01:31:42','Delenitaugue praesent qui tation blandit dolor invulputate esse elitsed etaccumsan delenit nostrud eu augue amet dolore nibh vel laoreet amet ut ex illum at nulla te minim vulputate in delenitaugue suscipit eum consequatvel dolor molestie commodoconsequat ad delenitaugue invulputate autem praesent a'),(82,125,135,8,'1994-01-12 19:47:33','Nislut vel iusto qui delenitaugue dolore lobortis te luptatum qui qui accumsan velit vero dignissim augue accumsan lobortis nislut sit dignissim sit luptatum illum ut eum dolore dolor doloremagna veniam nonummy tincidunt te ex.'),(83,125,149,6,'2000-03-08 01:04:36','Dolore volutpat vulputate duis vel aliquip te consectetuer vero facilisi vero tation facilisi velit nulla nulla praesent amet nulla duis iriure laoreet hendrerit dolor nibh iusto ut iusto ea volutpat minim ut commodo aliquam te vero tation eros lobortis duis eufeugiat esse feugait consequat autem et'),(84,52,32,4,'2014-08-26 02:47:51','Wisi ut dignissim lobortis nulla nostrud nulla facilisi nislut dolore Utwisi vel te iriuredolor iusto feugait consequat lobortis lobortis ea iriuredolor minim feugait facilisis adipiscing suscipit nostrud dolore minim facilisi ipsum diam veniam nisl eum eros nulla iriuredolor praesent aliquip duis e'),(85,77,130,4,'1995-02-08 22:48:52','Nibh nulla veniamquis praesent ea vel delenit autem consequatvel duis ut autem facilisi suscipit minim volutpat duis te duis feugiat in tincidunt consectetuer nostrud feugait ea etaccumsan erat ex ea qui illum velit laoreet amet dolore hendrerit etaccumsan nulla dolore vel consequatvel elitsed ipsum'),(86,77,148,3,'2004-09-16 15:53:10','Te duis velit feugait etaccumsan volutpat iusto duis vulputate vero minim blandit nonummy nulla commodoconsequat elitsed blandit facilisis et feugait eros in minim aliquam dignissim duis suscipit diam tincidunt delenitaugue eros praesent delenitaugue erat in dolore quis duis commodoconsequat facilis'),(87,102,29,8,'2010-12-25 15:35:27','Consequatvel nisl iustoodio minim ut et eros et duis vel dolore commodoconsequat luptatumzzril molestie volutpat etaccumsan facilisis praesent elitsed duis consequatvel qui odio aliquip iriuredolor suscipit at delenitaugue qui esse feugiat autem nonummy nulla dolor at praesent veniamquis consequatve'),(88,102,69,10,'1998-05-14 09:33:50','Et molestie iriuredolor praesent nonummy iriure eum dolore facilisis iriure autem adipiscing odio et eufeugiat velit dignissim in laoreet at eros vel praesent minim qui eum hendrerit illum elitsed hendrerit te praesent nonummy vel etaccumsan iriure doloremagna velit dignissim ut duis praesent esse a'),(89,61,85,3,'2000-11-29 01:48:13','In elitsed ex molestie nisl elitsed ea et lobortis eros eufeugiat ex luptatum iriure ex dolore tationullamcorper lobortis eufeugiat tationullamcorper feugait invulputate odio veniam te dolore luptatum veniamquis wisi facilisi facilisis illum velit nulla illum hendrerit tationullamcorper dignissim fa'),(90,55,17,7,'1997-08-20 00:49:49','Blandit commodo luptatumzzril ullamcorper nisl velit dignissim nostrud ut vulputate at facilisis commodo tation suscipit Utwisi vero ad blandit duis Utwisi duis consequat aliquip nonummy esse feugait qui ea at autem invulputate ad dolore exerci.'),(91,55,146,5,'2016-05-28 12:21:37','Consequatvel eu lobortis luptatumzzril enim ut elitsed et consectetuer molestie praesent vero doloremagna consequat laoreet nisl nibh nulla in eu vero nostrud vel accumsan veniamquis wisi et nostrud te eros commodoconsequat et facilisis consequatvel nostrud volutpat enim volutpat volutpat lorem invu'),(92,93,5,8,'2016-03-17 02:16:43','Et molestie ut delenitaugue ut dolore nibh etaccumsan ex aliquip blandit suscipit nulla delenit molestie sit tation vero velit tationullamcorper invulputate suscipit feugait eros dolore nislut elitsed commodo adipiscing nisl nulla nislut odio tincidunt vulputate quis nislut invulputate in diam moles'),(93,22,57,4,'1992-11-15 08:50:16','Vel duis qui ex qui Utwisi blandit nulla accumsan aliquam esse ipsum consequatvel nulla minim wisi aliquam accumsan dolore nisl tincidunt delenitaugue molestie suscipit velit veniamquis dignissim quis dolore in facilisis nulla autem dolor doloremagna iusto eu eros hendrerit nisl facilisi nulla iriur'),(94,22,79,4,'2005-11-20 14:33:08','Vero nostrud wisi vel nulla blandit eum accumsan duis nibh nostrud nonummy duis accumsan blandit iriuredolor qui praesent praesent enim.'),(95,22,89,9,'2017-10-03 21:02:15','Volutpat hendrerit facilisi suscipit esse augue diam commodo lorem tincidunt duis illum elitsed volutpat tincidunt in nislut consequat nislut blandit tationullamcorper et aliquip nislut zzril praesent at in minim blandit luptatum vulputate nostrud elitsed commodo qui esse feugait duis duis ad at dol'),(96,22,100,3,'2020-05-29 08:26:22','Doloremagna minim ad autem hendrerit te enim eu velit accumsan luptatum qui ea aliquip duis minim blandit luptatumzzril nulla vel feugiat duis ex at vero esse consequat wisi ut elitsed veniamquis eu veniam vel invulputate luptatumzzril vero hendrerit augue ea autem consequat ex eu autem zzril in ali'),(97,80,33,10,'2016-05-01 04:58:35','Minim praesent nonummy velit esse iusto eum ut velit dolor odio nulla vel nisl duis dolore facilisi dolor facilisi commodoconsequat nulla erat nostrud iriure duis autem aliquip et enim ex facilisi nibh invulputate minim tation dignissim Utwisi adipiscing enim sit facilisi nostrud nisl praesent diam '),(98,63,86,5,'2006-06-12 12:23:10','Iriure hendrerit eum nonummy te zzril dolor feugiat facilisi feugait praesent amet erat ad nulla ut volutpat et feugait dolore praesent ex accumsan eum nonummy dolor ullamcorper commodoconsequat accumsan illum praesent dolore blandit ut minim nisl vel accumsan eu velit tation qui iriure nislut velit'),(99,97,2,1,'2004-12-03 12:48:39','Dolore veniamquis ad odio ex nulla dignissim dignissim iusto tincidunt feugait odio esse qui iusto ea laoreet commodoconsequat iriuredolor vel at qui eu et hendrerit doloremagna elitsed dolor iriure tationullamcorper duis amet exerci suscipit hendrerit elitsed at facilisis tationullamcorper zzril wi'),(100,97,51,1,'2020-06-06 04:30:10','Dolore et iustoodio volutpat facilisi nulla at et et blandit duis feugait ex iustoodio aliquip eum illum velit te aliquam facilisis luptatumzzril delenitaugue ut praesent feugiat ut dignissim quis facilisi euismod ex aliquam consequatvel consequat quis in invulputate delenit dolore esse feugait et a');
/*!40000 ALTER TABLE `comment` ENABLE KEYS */;
UNLOCK TABLES;

--
-- Table structure for table `customer`
--

DROP TABLE IF EXISTS `customer`;
/*!40101 SET @saved_cs_client     = @@character_set_client */;
/*!40101 SET character_set_client = utf8 */;
CREATE TABLE `customer` (
  `ID` int(11) NOT NULL AUTO_INCREMENT,
  `name` varchar(100) NOT NULL,
  `phone_number` varchar(11) NOT NULL,
  `address` varchar(300) NOT NULL,
  `created_at` timestamp NOT NULL DEFAULT current_timestamp() ON UPDATE current_timestamp(),
  `is_deleted` tinyint(1) DEFAULT 0,
  PRIMARY KEY (`ID`)
) ENGINE=InnoDB AUTO_INCREMENT=151 DEFAULT CHARSET=utf8mb4;
/*!40101 SET character_set_client = @saved_cs_client */;

--
-- Dumping data for table `customer`
--

LOCK TABLES `customer` WRITE;
/*!40000 ALTER TABLE `customer` DISABLE KEYS */;
INSERT INTO `customer` (`ID`, `name`, `phone_number`, `address`, `created_at`, `is_deleted`) VALUES (1,'TammyGarcia','09512267449','08908 Barbara Branch Apt. 276\nEast Cathyton, OR 21575','2013-06-19 04:19:51',0),(2,'AshleyDavis','09431560409','3412 William Heights\nMelissaland, OR 58532','2007-07-15 04:15:39',0),(3,'LouisGrant','09387987817','662 Donovan Summit Apt. 570\nPort Jennifer, WV 43347','2018-04-20 15:33:03',0),(4,'MichelleIngram','09198102991','0965 Jennifer Spring\nPorterfort, FL 43751','2013-02-10 05:15:31',0),(5,'NathanBauer','09409516068','713 Brandy Highway Suite 059\nNorth Nichole, NM 89514','2001-09-09 19:38:56',0),(6,'BrandiMoyer','09750931042','874 Lee Coves Suite 764\nSouth Craigmouth, UT 40304','1998-06-07 17:40:55',0),(7,'DebbieSanders','09547782051','741 Cook Junctions\nMichaelshire, KY 59234','2017-11-22 00:12:04',0),(8,'TraciSanchez','09611226547','PSC 2595, Box 5715\nAPO AP 02045','2009-04-04 02:26:18',0),(9,'BrianSutton','09443656775','50173 Melissa Key Apt. 019\nPort Julie, NJ 65370','2005-10-18 07:37:03',0),(10,'ThomasWhite','09366946253','53629 Johnson Cape\nNorth April, AK 66490','2019-01-24 21:10:32',0),(11,'GeorgeMcdonald','09635963554','18697 Karen Flat Apt. 226\nPeterstad, TN 23225','2012-12-19 03:45:35',0),(12,'ShaneRobinson','09103127990','454 Brennan Motorway\nPort Peterside, AZ 23263','2004-04-18 23:57:58',0),(13,'JoelSalinas','09076268431','3989 Torres Trace\nMitchellfurt, NH 66505','2000-11-15 16:29:00',0),(14,'AmyWilliams','09397215410','59636 Brittany Alley Suite 481\nSouth Nicholas, IA 22252','1996-05-03 14:23:59',0),(15,'AlexandriaLove','09098704558','354 Ashlee Groves\nNorth Ian, OH 13780','2008-11-25 00:46:05',0),(16,'BrittanyEscobar','09417691879','9220 Dylan Shores\nSmithville, NV 93685','2021-12-13 06:05:21',0),(17,'CandiceDuarte','09621250118','49837 Nicole Estate Apt. 941\nYangburgh, FL 85437','2003-05-30 00:47:47',0),(18,'CynthiaWatson','09312484643','USCGC Rodriguez\nFPO AP 98178','2010-09-24 17:02:32',0),(19,'AmyWalker','09412449592','23145 Blake Lakes\nBridgeschester, MD 73617','2008-05-09 20:39:11',0),(20,'MarieHernandez','09857347463','438 Evans Ferry\nPort Janet, ND 10665','1999-03-19 10:15:28',0),(21,'KatelynNguyen','09852653443','14711 Colton Harbors\nOsbornmouth, ID 35265','2020-03-30 14:08:05',0),(22,'AngelaHill','09524361595','117 Elizabeth Burgs\nNew Bryanhaven, KY 01824','2013-12-19 19:25:36',0),(23,'AndreaWalker','09128933642','5877 Rodriguez Drives\nNew John, KY 50921','2009-11-21 23:17:10',0),(24,'JulieOconnell','09326273974','5229 Deborah Center\nOsborneland, OR 00616','2020-07-02 21:12:19',0),(25,'JamesNelson','09099280640','934 Lindsey Plaza\nAndrewchester, NJ 35978','1995-02-05 01:42:09',0),(26,'StanleyGreen','09261508001','1355 Clark Square Apt. 660\nDianeshire, DC 57023','2018-11-23 08:44:00',0),(27,'MandyNelson','09408187753','485 Ann Centers Suite 282\nNew Kelly, PA 34263','2014-02-15 04:04:56',0),(28,'ErikCrawford','09123439279','Unit 6353 Box 1270\nDPO AP 63630','2010-07-03 05:42:06',0),(29,'ChelseaJohnson','09427375890','8815 Mack Square\nMathewsbury, MO 05822','2004-07-08 03:01:17',0),(30,'DavidMccann','09521608881','318 Hale Meadow Suite 602\nEast Alexshire, DE 09451','2020-04-07 07:00:25',0),(31,'NicholasAtkins','09123711535','7111 Moore Square Apt. 348\nJameston, IN 83133','1994-05-06 15:34:16',0),(32,'LoriMartin','09861198550','311 Chloe Points Suite 439\nNorth Donna, SC 09405','2013-07-22 11:58:15',0),(33,'LindaLong','09700391274','687 Downs Island Suite 548\nJodistad, OK 89802','2004-07-26 16:03:03',0),(34,'CatherineShah','09292459974','716 Arroyo Rapids\nNew Michaelberg, AL 06626','2009-10-15 05:03:03',0),(35,'WilliamCollins','09430087826','63500 Adams Drive Apt. 621\nRobinsonshire, ME 67028','1995-02-27 09:39:16',0),(36,'ElizabethJohnson','09331907062','1242 Wright Stream Suite 806\nSharptown, SC 85979','2001-09-28 10:06:33',0),(37,'EmilyJones','09541325901','80757 Marshall Spur\nMolinamouth, MI 02989','2006-07-27 14:14:20',0),(38,'DeannaJones','09514000460','535 Ross Lakes\nPort Jamesside, RI 89738','2003-07-26 10:31:10',0),(39,'TristanFreeman','09417612581','PSC 8836, Box 8085\nAPO AA 53834','2004-01-15 19:22:17',0),(40,'MichaelJoseph','09935750228','39575 Danielle Divide\nNew Danielle, AR 63073','2019-02-09 20:37:21',0),(41,'WilliamBrown','09699540860','31444 Amy Station\nKimberlychester, OK 86581','2018-10-01 18:29:52',0),(42,'ChadAvila','09121187782','7406 Mcclure Park\nWest Linda, OH 74561','2005-05-18 12:53:54',0),(43,'LydiaJordan','09174611818','USNV Turner\nFPO AE 44645','2017-08-17 07:08:34',0),(44,'EmilyAdams','09106510397','6505 Davis Trail\nTimothyland, NY 39845','2000-07-15 10:42:17',0),(45,'RobertJacobson','09884439056','1609 Moody Court Suite 761\nPatelmouth, AK 40376','1994-11-28 06:30:21',0),(46,'BrianCurry','09176202858','USNS Smith\nFPO AA 26467','1995-12-03 05:12:48',0),(47,'HannahBrock','09055658810','6090 Sabrina Pine\nReyesland, NC 84948','2008-01-07 08:29:00',0),(48,'JoshuaMcneil','09551379322','926 Paul Trail Suite 825\nGeraldmouth, ID 50715','1998-02-06 08:42:15',0),(49,'MargaretEllis','09320287989','47592 Austin Terrace Suite 814\nLake Brandon, MT 64283','2008-11-27 05:00:05',0),(50,'KimberlyFox','09763529256','3052 Lloyd Light Suite 134\nRachelside, MT 40083','2012-04-12 19:19:54',0),(51,'BrendaSantos','09058610471','4943 Karen Loaf Suite 113\nTaylorhaven, OH 93714','1993-09-29 06:38:02',0),(52,'RebeccaDuke','09694805362','329 Hoffman Centers Suite 334\nSouth Allisonburgh, NM 84090','2014-04-06 15:26:22',0),(53,'RichardDoyle','09877603981','PSC 4638, Box 9113\nAPO AP 53819','1994-08-11 01:17:32',0),(54,'LisaRamos','09128677647','3985 Chavez Gardens Suite 541\nNorth Christie, AR 09625','1995-01-22 17:32:47',0),(55,'JamesPierce','09054691550','7282 Thomas Lodge Apt. 430\nRichardsburgh, VA 43919','1996-02-25 01:26:08',0),(56,'KaylaGonzalez','09687388002','4121 Donald Skyway Apt. 172\nKaylabury, RI 07525','1996-02-06 22:56:22',0),(57,'AmandaMurray','09540703127','796 Catherine Square Apt. 894\nHubbardburgh, VT 04565','2015-01-25 19:49:10',0),(58,'JeremyJones','09917548881','52765 Jackson Islands Suite 595\nEvelynberg, LA 82248','1997-06-20 22:14:45',0),(59,'HeatherJennings','09462654782','7659 Kara Crest Apt. 664\nPrattview, MI 84344','1998-09-21 18:55:30',0),(60,'BiancaHobbs','09762872086','PSC 5684, Box 6559\nAPO AE 59425','2007-10-05 20:34:41',0),(61,'DanielMorgan','09079766231','591 Lam Cliff\nLeroyborough, GA 43751','2016-01-06 15:19:27',0),(62,'SheilaGreen','09209981416','60384 Cox Isle\nDanielleburgh, OK 37624','1992-08-31 10:21:18',0),(63,'AmyWalker','09595873606','247 Harrison Harbor Suite 594\nDanielbury, IA 04536','1999-05-18 21:09:27',0),(64,'NathanCruz','09815351050','653 Osborne Ville Apt. 448\nMeganfort, KY 09361','2017-12-13 06:15:51',0),(65,'KimRobbins','09203791565','600 Emily Coves\nSouth Jasmineshire, DC 28655','2020-10-09 07:03:17',0),(66,'AlexanderBrandt','09077851632','14876 Murphy Way\nPort Samuel, CO 22082','2005-09-18 22:47:38',0),(67,'MatthewSims','09216733780','059 Brooks Flats Suite 462\nLake Alyssa, SD 33080','2014-11-15 06:30:47',0),(68,'JefferyHayes','09209717331','149 Brown Station Suite 757\nLake Michelle, UT 06251','2011-01-10 07:18:06',0),(69,'JessicaWade','09461799357','8205 Thomas Corner\nEast Susan, ME 66870','2000-07-20 20:53:12',0),(70,'DavidHudson','09713548341','3632 John Terrace Suite 443\nAcevedostad, WA 62819','2020-05-30 17:04:24',0),(71,'TimothyBlair','09100749310','USS Murphy\nFPO AE 82666','2017-05-12 02:15:24',0),(72,'ChristopherSantos','09012154400','PSC 0659, Box 4916\nAPO AE 04829','2004-04-18 21:39:44',0),(73,'JonRussell','09687367006','091 Danielle Tunnel Apt. 342\nKimberlyport, MO 13288','2010-01-03 00:54:46',0),(74,'JaimeStuart','09286066358','94556 Karen Crescent Suite 656\nDennisfurt, MI 10003','1996-10-30 19:18:41',0),(75,'JanetLeblanc','09081772698','778 Johnson Flats Apt. 144\nPort Warren, CO 06080','2016-11-07 17:33:31',0),(76,'DevinPorter','09680333409','32092 Valerie Isle\nEast Diane, MO 66366','2015-02-07 02:47:26',0),(77,'JorgeParsons','09589166271','5553 Morgan Knolls\nSullivanmouth, WY 25763','2005-11-12 12:27:18',0),(78,'KennethPowell','09568510302','64269 Kyle Fort Suite 261\nTiffanyfurt, LA 63414','2005-09-14 08:04:16',0),(79,'JustinLee','09521622381','Unit 6892 Box 5944\nDPO AP 20575','2007-10-25 12:32:08',0),(80,'RachelHunt','09140015669','Unit 7741 Box 5796\nDPO AE 34952','2003-08-07 06:34:42',0),(81,'JeffreyRich','09866476725','9152 Jessica Fork\nKathleenmouth, NY 79672','2017-08-16 01:35:01',0),(82,'StanleyFuller','09231002247','6567 Ronnie Flat Apt. 814\nScottbury, MD 21862','2010-06-03 18:11:43',0),(83,'AnnaGarrett','09610639690','888 Maxwell Green\nWilkinsonport, VA 86747','2009-02-27 08:15:53',0),(84,'JohnathanMarshall','09447751697','31030 Harding Bypass\nNorth Katie, WV 56335','2020-03-13 06:18:07',0),(85,'AngelaCarlson','09045383171','9535 Jessica Mount Apt. 948\nWilcoxville, GA 72878','2001-09-11 00:13:26',0),(86,'DianaPacheco','09807532191','USNV Morris\nFPO AE 66187','2007-01-20 09:44:17',0),(87,'EdwardRandall','09358149125','717 Anthony Greens\nLake Calvin, VT 38202','2002-06-12 20:23:25',0),(88,'LoriMontgomery','09151565803','96732 Guerra Mountains Apt. 428\nNorth Nicoleport, IL 09270','1994-09-08 00:24:54',0),(89,'AmySmith','09464599153','02674 Dunn Curve Apt. 912\nSarahton, RI 41382','1993-07-12 11:59:38',0),(90,'JenniferCarr','09670463844','USNV Sanders\nFPO AE 58163','1995-04-29 14:44:24',0),(91,'ReneeDonovan','09726441962','0815 Lance Hollow Apt. 605\nEdwardsville, OH 18441','2002-07-06 09:00:09',0),(92,'ReginaBooth','09869972813','607 Dustin Fall\nGrantland, MN 23730','2006-05-29 01:31:11',0),(93,'RebeccaMejia','09268000068','07744 Joseph Mill Apt. 496\nWest Jamesland, AL 39277','2012-02-02 18:56:54',0),(94,'ErinMosley','09361002845','PSC 8111, Box 8093\nAPO AA 97193','2018-04-26 20:50:10',0),(95,'RonaldLin','09060421807','681 Conrad Crest\nLake Curtis, VT 94880','2016-03-09 00:05:40',0),(96,'TiffanyJones','09510238665','12620 Park Hollow Suite 656\nKellerhaven, WI 15391','2021-04-12 10:09:44',0),(97,'JohnRobertson','09223791680','4526 Ashley Corners\nLake Williamland, AR 91577','2000-10-19 01:54:52',0),(98,'GregoryWatson','09451088712','1106 Williams Rapids Suite 569\nPort Cynthiaport, IN 71766','2005-11-02 00:56:16',0),(99,'AshleyHodge','09633145898','988 Jennifer Harbors\nEast Phillip, AL 48416','1997-07-13 01:32:32',0),(100,'JeffreySimon','09909863707','741 Mitchell Ranch\nSethville, FL 02338','1998-06-30 21:01:29',0),(101,'AlexanderWeber','09223563182','PSC 5527, Box 1596\nAPO AE 72622','2018-12-27 01:49:11',0),(102,'KristenBuchanan','09889437368','962 Kristi Dale\nEast Dawn, UT 77352','2007-08-21 15:25:24',0),(103,'TriciaMoss','09434216126','911 Haney Knoll\nNicholsfort, MA 89754','2008-09-05 20:09:13',0),(104,'AlexisWilliams','09499589615','7544 Jonathan Valley Suite 685\nWest Rachel, AZ 92605','1997-01-03 13:08:02',0),(105,'BrookeWilliams','09061691897','631 Matthew Springs\nNorth Hannah, WV 70508','1999-07-26 04:13:50',0),(106,'MaryMccarthy','09633646274','832 Rhonda Cape Suite 289\nThomasberg, IN 23599','2010-06-06 20:34:01',0),(107,'ElizabethTyler','09728940887','7298 Phillip Port Apt. 955\nEast Paulbury, SC 50633','2009-12-13 01:58:12',0),(108,'MauriceWilliams','09596339036','8590 Lisa Street Suite 271\nJaybury, IL 22229','2011-06-08 23:34:05',0),(109,'AlexanderBarrett','09215440473','11892 Hardy Pass Suite 167\nBiancafort, TN 76078','1997-09-17 21:05:10',0),(110,'CurtisPetty','09835521222','61009 Nicholas Mountains Apt. 640\nNew Marcville, AL 57122','1995-01-17 16:49:37',0),(111,'AlexFlynn','09278046413','00686 Timothy Estates\nRobertfort, DE 38887','1997-09-26 23:52:13',0),(112,'MichaelDiaz','09184035747','756 Jennifer Divide\nSouth Anthony, CT 61923','2001-07-24 04:14:53',0),(113,'DanielleBaker','09089031597','4303 Decker Landing\nJacksontown, VT 81417','2020-11-24 05:19:59',0),(114,'DavidDeleon','09127915299','6939 Chapman Brook Suite 292\nEast Mauricebury, UT 10363','2016-07-24 19:03:25',0),(115,'MarkGray','09647845444','Unit 2964 Box 4884\nDPO AA 83096','1993-10-03 19:12:17',0),(116,'TroyBolton','09606635058','985 John Crescent Suite 330\nPort Michaelborough, NM 50592','2013-09-19 06:14:41',0),(117,'KimberlyRice','09207542752','715 Manning Shore\nSouth Christopherstad, WY 90758','2007-06-27 16:32:27',0),(118,'MatthewJenkins','09634848801','0656 Michaela Tunnel Apt. 517\nLake Robert, NM 15724','2007-03-26 14:32:16',0),(119,'AmyGarcia','09114673995','USNV Reed\nFPO AP 70525','2014-06-06 08:15:49',0),(120,'DanielleJenkins','09603800548','94654 Crawford Village\nNew Sue, MD 97954','1992-08-14 17:06:35',0),(121,'AshleyCooper','09343884870','717 Amy Throughway Suite 259\nParsonstown, WI 44276','2010-07-06 06:03:12',0),(122,'JenniferMitchell','09731537089','8362 Miller Cape Suite 098\nNorth Mark, OK 10995','1994-12-05 09:30:12',0),(123,'TraciByrd','09428146925','3311 Brown Landing Suite 538\nWilliamsbury, DC 44639','1993-12-29 18:17:27',0),(124,'LisaDuncan','09445835942','5876 Anderson Lakes Apt. 304\nHoffmantown, OK 27474','2001-03-21 12:21:43',0),(125,'GabrielBrown','09506726930','PSC 1965, Box 2664\nAPO AE 23841','1999-09-06 13:47:47',0),(126,'DariusGarrett','09386142028','883 John Inlet\nKennedyfort, NC 86182','2012-01-07 23:22:44',0),(127,'LauraDavis','09407895631','78907 Sherry Ferry\nEast Kathyhaven, MO 74861','1994-10-31 16:57:28',0),(128,'GabrielWhite','09975918266','619 Wallace Road\nWest Ronaldburgh, DE 67156','1994-01-14 05:17:40',0),(129,'KevinShort','09944028191','7427 Price Meadow\nLake Kyleburgh, HI 35802','2003-04-09 04:42:12',0),(130,'ConnorMeyer','09409324138','227 Barbara Flats\nNorth Sherylborough, MN 65422','1994-09-03 15:44:45',0),(131,'JamesReyes','09446663413','2237 Erica Meadow\nEast Jacobport, PA 63402','2008-06-10 23:29:48',0),(132,'CatherinePeterson','09706826060','751 Johnson Stream\nEast Nathanielborough, OR 32309','2020-07-19 07:00:18',0),(133,'PhillipRomero','09676094873','410 Pugh Throughway Apt. 682\nSouth Ryanview, SC 52251','2020-08-12 18:55:24',0),(134,'SamuelMata','09360626043','6966 Kathleen Station Apt. 022\nJacksonview, VA 46200','2003-05-17 11:46:20',0),(135,'TraceyJames','09539559921','261 Michael Cliff\nEast Davidport, OK 96434','2000-11-03 21:28:05',0),(136,'StephenMeyers','09139396445','947 Molly Pike\nNorth Coreystad, MA 41496','2008-04-03 05:00:41',0),(137,'TracyMartin','09529431515','11695 Contreras Ridge Suite 628\nEast Jenniferburgh, ID 27713','2009-09-29 23:15:54',0),(138,'DebraLarson','09592018090','42932 Alyssa Camp Apt. 626\nSloanland, MI 52289','2000-02-05 13:43:25',0),(139,'MeganGibbs','09654782658','8872 Solomon Isle Suite 134\nNew Jessicaview, MA 78835','1998-11-18 15:58:45',0),(140,'DavidShields','09464255294','3108 Jessica Mountains\nPerrystad, HI 53245','2017-01-13 03:38:08',0),(141,'SamuelDillon','09666370018','8068 Williams Drive\nSouth Angelastad, KY 48049','2022-01-09 00:22:34',0),(142,'ThomasMccarthy','09521852496','884 Claudia Knolls Suite 961\nWest Kiara, ME 28848','2004-06-13 21:05:34',0),(143,'PaulEvans','09660055105','PSC 8263, Box 2229\nAPO AP 27229','2020-11-22 10:21:58',0),(144,'MollyButler','09542270253','49727 Steven Drive\nLake Heidi, KY 08611','2000-06-15 07:18:49',0),(145,'GregoryRoberts','09516822786','009 Jim Terrace\nEllenfort, MO 78473','1993-08-01 20:20:29',0),(146,'RichardAlvarez','09288061762','794 Lee Via\nNorth Pamelafurt, DC 07335','2000-01-01 08:12:20',0),(147,'VanessaJenkins','09195024471','35104 Cody Crescent Suite 425\nGillespieland, DE 33317','2007-05-01 13:09:38',0),(148,'ThomasSchmidt','09675557406','77600 Reynolds Glen Apt. 584\nSouth William, TX 40001','2011-05-31 16:01:47',0),(149,'PriscillaSimmons','09516518263','PSC 7519, Box 6854\nAPO AP 21376','1997-07-06 12:47:06',0),(150,'SierraTorres','09603424480','98924 Jasmine Cliff\nJenkinston, WV 32955','2012-01-02 20:14:31',0);
/*!40000 ALTER TABLE `customer` ENABLE KEYS */;
UNLOCK TABLES;

--
-- Table structure for table `deliveryofficer`
--

DROP TABLE IF EXISTS `deliveryofficer`;
/*!40101 SET @saved_cs_client     = @@character_set_client */;
/*!40101 SET character_set_client = utf8 */;
CREATE TABLE `deliveryofficer` (
  `ID` int(11) NOT NULL AUTO_INCREMENT,
  `name` varchar(100) NOT NULL,
  `phone_number` varchar(11) NOT NULL,
  `number_of_assigned_order` int(11) DEFAULT NULL,
  `is_deleted` tinyint(1) DEFAULT 0,
  PRIMARY KEY (`ID`)
) ENGINE=InnoDB AUTO_INCREMENT=101 DEFAULT CHARSET=utf8mb4;
/*!40101 SET character_set_client = @saved_cs_client */;

--
-- Dumping data for table `deliveryofficer`
--

LOCK TABLES `deliveryofficer` WRITE;
/*!40000 ALTER TABLE `deliveryofficer` DISABLE KEYS */;
INSERT INTO `deliveryofficer` (`ID`, `name`, `phone_number`, `number_of_assigned_order`, `is_deleted`) VALUES (1,'SaraWalton','09046050800',1,0),(2,'DavidPerez','09475189920',1,0),(3,'ChristopherMunoz','09333238695',1,0),(4,'SusanMclaughlin','09197521715',0,0),(5,'DerekLopez','09264136720',2,0),(6,'AngelaCarlson','09923310123',0,0),(7,'MichaelPark','09016435605',0,0),(8,'KellyGreen','09785595735',0,0),(9,'AlexisNeal','09486437337',0,0),(10,'DanielBurnett','09777616832',0,0),(11,'MichelleGonzales','09027385097',0,0),(12,'RobertRuiz','09811493421',1,0),(13,'TaylorPerez','09502840233',0,0),(14,'GeorgeWilson','09450074217',0,0),(15,'JoseHardin','09735693848',1,0),(16,'CatherineJohnson','09645499384',1,0),(17,'KeithParker','09375138495',1,0),(18,'BenjaminThomas','09602651342',0,0),(19,'EmilyWalsh','09859430348',0,0),(20,'RichardMitchell','09721811523',2,0),(21,'PamelaPierce','09921905941',0,0),(22,'KirstenBriggs','09958829832',1,0),(23,'BrettJuarez','09044499651',2,0),(24,'GloriaMcknight','09879896276',0,0),(25,'RachelRowland','09615023445',0,0),(26,'ChristopherClark','09273424819',1,0),(27,'JillYoung','09683706994',0,0),(28,'ErinRichards','09385724345',1,0),(29,'DylanFlores','09205183521',1,0),(30,'DanielSingh','09226926559',0,0),(31,'CassandraMccoy','09196581847',1,0),(32,'JeffKline','09374816282',1,0),(33,'EricDean','09612713250',0,0),(34,'JohnSmall','09356425596',0,0),(35,'TinaWhite','09145594392',1,0),(36,'CherylHogan','09348323089',2,0),(37,'LoganJones','09024240417',0,0),(38,'BettySanchez','09287828200',3,0),(39,'PatriciaLevine','09146387924',1,0),(40,'HeatherThomas','09729346923',1,0),(41,'MeganOdonnell','09352963712',1,0),(42,'JamesWilliamson','09335821146',1,0),(43,'ShawnLewis','09413150444',0,0),(44,'JamesMartinez','09029093355',0,0),(45,'BobbyWard','09969911271',1,0),(46,'EricBeltran','09967016391',0,0),(47,'RuthCollins','09275709991',0,0),(48,'JenniferWise','09927162839',0,0),(49,'EdwardCook','09494620370',1,0),(50,'IsabelTaylor','09004021880',1,0),(51,'JoshuaRoberts','09756716871',0,0),(52,'ValerieMoore','09671882652',0,0),(53,'JillMoore','09104265806',0,0),(54,'RaymondFritz','09812938771',0,0),(55,'OliviaCruz','09383183506',1,0),(56,'SteveTurner','09958345374',0,0),(57,'PaulMcclure','09987273724',0,0),(58,'RhondaDavis','09470650369',0,0),(59,'AlexAnderson','09208039442',3,0),(60,'FrancisCantu','09861406948',1,0),(61,'RyanColon','09604216374',0,0),(62,'RebeccaRowland','09677840300',2,0),(63,'MariahTate','09263793158',0,0),(64,'JoshuaPalmer','09061258594',2,0),(65,'TheresaFowler','09240005087',1,0),(66,'PaulHudson','09874631432',0,0),(67,'DanaPrice','09981724316',0,0),(68,'BenjaminAllen','09875208145',0,0),(69,'JessicaNorris','09400055451',2,0),(70,'SheenaJones','09403955953',0,0),(71,'TinaCarter','09445110561',0,0),(72,'JulieKent','09377039844',0,0),(73,'KatieBarrera','09138679145',0,0),(74,'DarrenJohnson','09619626359',0,0),(75,'DonnaTaylor','09020983258',1,0),(76,'AmandaGreene','09853734239',1,0),(77,'HollyWest','09520971263',0,0),(78,'KevinMunoz','09432402827',0,0),(79,'RachelRoss','09752936835',3,0),(80,'AshleyHerrera','09375699946',2,0),(81,'TrevorVilla','09742522787',0,0),(82,'StevenOrtiz','09670835422',0,0),(83,'CodyBell','09952751221',2,0),(84,'WilliamBrown','09015416048',2,0),(85,'SarahWilliams','09526723926',0,0),(86,'HenryJackson','09564364264',0,0),(87,'JayPatterson','09750396650',0,0),(88,'JessicaWalker','09638185393',0,0),(89,'VirginiaKim','09296503192',0,0),(90,'MaryShepherd','09066150094',0,0),(91,'JohnMartin','09881204418',0,0),(92,'DavidMelendez','09854782144',1,0),(93,'LawrenceRomero','09687221055',0,0),(94,'StevenLloyd','09698142657',1,0),(95,'AndrewWare','09673733400',1,0),(96,'CrystalHood','09279753374',2,0),(97,'JenniferSaunders','09192655513',1,0),(98,'RuthWatts','09574804268',1,0),(99,'TerryWalker','09649211758',0,0),(100,'DaisyBishop','09260102963',2,0);
/*!40000 ALTER TABLE `deliveryofficer` ENABLE KEYS */;
UNLOCK TABLES;

--
-- Table structure for table `order`
--

DROP TABLE IF EXISTS `order`;
/*!40101 SET @saved_cs_client     = @@character_set_client */;
/*!40101 SET character_set_client = utf8 */;
CREATE TABLE `order` (
  `ID` int(11) NOT NULL AUTO_INCREMENT,
  `total_price` varchar(15) NOT NULL,
  `customer_ID` int(11) DEFAULT NULL,
  PRIMARY KEY (`ID`),
  KEY `customer_ID` (`customer_ID`),
  CONSTRAINT `order_ibfk_1` FOREIGN KEY (`customer_ID`) REFERENCES `customer` (`ID`)
) ENGINE=InnoDB AUTO_INCREMENT=101 DEFAULT CHARSET=utf8mb4;
/*!40101 SET character_set_client = @saved_cs_client */;

--
-- Dumping data for table `order`
--

LOCK TABLES `order` WRITE;
/*!40000 ALTER TABLE `order` DISABLE KEYS */;
INSERT INTO `order` (`ID`, `total_price`, `customer_ID`) VALUES (1,'0',53),(2,'0',119),(3,'20308994',107),(4,'0',150),(5,'25772560',50),(6,'18769722',71),(7,'0',87),(8,'19486030',103),(9,'35001104',52),(10,'27417940',79),(11,'0',41),(12,'0',54),(13,'37637752',61),(14,'41133452',36),(15,'0',37),(16,'3331944',17),(17,'0',17),(18,'15715890',141),(19,'0',96),(20,'6323455',105),(21,'34083772',32),(22,'0',29),(23,'15308496',108),(24,'24534096',45),(25,'2902933',98),(26,'15520059',141),(27,'0',81),(28,'23319250',37),(29,'52153341',38),(30,'44755460',58),(31,'44411440',42),(32,'0',9),(33,'0',60),(34,'1438605',67),(35,'0',123),(36,'8790465',67),(37,'3802865',119),(38,'17144050',103),(39,'0',5),(40,'9654412',77),(41,'56815660',57),(42,'0',64),(43,'0',87),(44,'4740267',52),(45,'0',41),(46,'0',69),(47,'22427109',4),(48,'54458250',95),(49,'0',89),(50,'25558665',143),(51,'5612514',5),(52,'14072640',81),(53,'40272235',91),(54,'0',99),(55,'23569710',20),(56,'4713942',141),(57,'1272449',1),(58,'0',120),(59,'0',17),(60,'7909384',106),(61,'25995992',40),(62,'0',135),(63,'5058764',2),(64,'5417669',112),(65,'13909730',20),(66,'18253904',98),(67,'8572025',87),(68,'0',15),(69,'0',72),(70,'0',66),(71,'18680731',37),(72,'15818768',120),(73,'33210196',31),(74,'21533003',98),(75,'34078220',20),(76,'0',70),(77,'0',39),(78,'34087652',58),(79,'0',63),(80,'63363218',48),(81,'0',34),(82,'0',21),(83,'8123680',100),(84,'21532452',59),(85,'25519522',144),(86,'19818978',125),(87,'3512252',52),(88,'15183604',77),(89,'18051609',102),(90,'8654481',61),(91,'33399934',55),(92,'0',97),(93,'25558665',93),(94,'0',102),(95,'99573062',22),(96,'0',5),(97,'10512975',80),(98,'2551496',63),(99,'0',44),(100,'11346736',97);
/*!40000 ALTER TABLE `order` ENABLE KEYS */;
UNLOCK TABLES;

--
-- Table structure for table `ordercontent`
--

DROP TABLE IF EXISTS `ordercontent`;
/*!40101 SET @saved_cs_client     = @@character_set_client */;
/*!40101 SET character_set_client = utf8 */;
CREATE TABLE `ordercontent` (
  `order_ID` int(11) NOT NULL,
  `product_ID` int(11) NOT NULL,
  `number` int(11) NOT NULL,
  `price` varchar(15) NOT NULL,
  PRIMARY KEY (`order_ID`,`product_ID`),
  KEY `product_ID` (`product_ID`),
  CONSTRAINT `ordercontent_ibfk_1` FOREIGN KEY (`order_ID`) REFERENCES `order` (`ID`),
  CONSTRAINT `ordercontent_ibfk_2` FOREIGN KEY (`product_ID`) REFERENCES `product` (`ID`)
) ENGINE=InnoDB DEFAULT CHARSET=utf8mb4;
/*!40101 SET character_set_client = @saved_cs_client */;

--
-- Dumping data for table `ordercontent`
--

LOCK TABLES `ordercontent` WRITE;
/*!40000 ALTER TABLE `ordercontent` DISABLE KEYS */;
INSERT INTO `ordercontent` (`order_ID`, `product_ID`, `number`, `price`) VALUES (3,66,1,'1539272'),(3,108,2,'18769722'),(5,137,4,'25772560'),(6,108,2,'18769722'),(8,80,2,'19486030'),(9,99,4,'35001104'),(10,74,5,'27417940'),(13,65,2,'3510312'),(13,113,5,'34127440'),(14,53,1,'6845352'),(14,96,4,'34288100'),(16,110,3,'3331944'),(18,75,3,'15715890'),(20,57,5,'6323455'),(21,135,4,'34083772'),(23,1,3,'15308496'),(24,6,3,'24534096'),(25,149,1,'2902933'),(26,133,1,'6999116'),(26,135,1,'8520943'),(28,106,5,'23319250'),(29,20,3,'9892161'),(29,24,1,'8790465'),(29,78,3,'1936083'),(29,128,4,'31534632'),(30,106,3,'13991550'),(30,116,5,'30763910'),(31,24,4,'35161860'),(31,121,1,'9249580'),(34,95,1,'1438605'),(36,24,1,'8790465'),(37,101,5,'3802865'),(38,96,2,'17144050'),(40,48,2,'9654412'),(41,5,4,'34078220'),(41,83,2,'13326638'),(41,89,1,'9410802'),(44,98,3,'4740267'),(47,35,1,'4526607'),(47,119,1,'2133186'),(47,128,2,'15767316'),(48,41,5,'46415360'),(48,110,1,'1110648'),(48,138,1,'6932242'),(50,5,3,'25558665'),(51,12,1,'5612514'),(52,36,2,'6016072'),(52,114,2,'8056568'),(53,2,3,'7355544'),(53,50,2,'11191836'),(53,88,5,'21724855'),(55,67,5,'23569710'),(56,67,1,'4713942'),(57,145,1,'1272449'),(60,71,1,'7909384'),(61,116,2,'12305564'),(61,144,3,'13690428'),(63,57,4,'5058764'),(64,122,1,'5417669'),(65,37,2,'13909730'),(66,144,4,'18253904'),(67,96,1,'8572025'),(71,38,2,'14382426'),(71,124,5,'4298305'),(72,71,2,'15818768'),(73,3,4,'27194124'),(73,36,2,'6016072'),(74,62,4,'16506316'),(74,69,1,'5026687'),(75,5,4,'34078220'),(78,120,3,'1871952'),(78,137,5,'32215700'),(80,5,4,'34078220'),(80,71,3,'23728152'),(80,127,2,'5556846'),(83,44,2,'8123680'),(84,84,5,'18700335'),(84,140,1,'2832117'),(85,30,2,'11345944'),(85,56,2,'14173578'),(86,125,1,'2589236'),(86,135,1,'8520943'),(86,149,3,'8708799'),(87,32,1,'3512252'),(88,130,4,'9612716'),(88,148,4,'5570888'),(89,29,3,'2971548'),(89,69,3,'15080061'),(90,85,3,'8654481'),(91,17,3,'5344779'),(91,146,5,'28055155'),(93,5,3,'25558665'),(95,57,5,'6323455'),(95,79,4,'36688464'),(95,89,4,'37643208'),(95,100,5,'18917935'),(97,33,3,'10512975'),(98,86,1,'2551496'),(100,2,1,'2451848'),(100,51,2,'8894888');
/*!40000 ALTER TABLE `ordercontent` ENABLE KEYS */;
UNLOCK TABLES;

--
-- Table structure for table `payment`
--

DROP TABLE IF EXISTS `payment`;
/*!40101 SET @saved_cs_client     = @@character_set_client */;
/*!40101 SET character_set_client = utf8 */;
CREATE TABLE `payment` (
  `ID` int(11) NOT NULL AUTO_INCREMENT,
  `order_ID` int(11) DEFAULT NULL,
  `customer_ID` int(11) DEFAULT NULL,
  `delivery_officer_ID` int(11) DEFAULT NULL,
  `amount` varchar(15) DEFAULT NULL,
  PRIMARY KEY (`ID`),
  KEY `order_ID` (`order_ID`),
  KEY `customer_ID` (`customer_ID`),
  KEY `delivery_officer_ID` (`delivery_officer_ID`),
  CONSTRAINT `payment_ibfk_1` FOREIGN KEY (`order_ID`) REFERENCES `order` (`ID`),
  CONSTRAINT `payment_ibfk_2` FOREIGN KEY (`customer_ID`) REFERENCES `customer` (`ID`),
  CONSTRAINT `payment_ibfk_3` FOREIGN KEY (`delivery_officer_ID`) REFERENCES `deliveryofficer` (`ID`)
) ENGINE=InnoDB AUTO_INCREMENT=65 DEFAULT CHARSET=utf8mb4;
/*!40101 SET character_set_client = @saved_cs_client */;

--
-- Dumping data for table `payment`
--

LOCK TABLES `payment` WRITE;
/*!40000 ALTER TABLE `payment` DISABLE KEYS */;
INSERT INTO `payment` (`ID`, `order_ID`, `customer_ID`, `delivery_officer_ID`, `amount`) VALUES (1,3,107,65,'20308994'),(2,5,50,15,'25772560'),(3,6,71,79,'18769722'),(4,8,103,3,'19486030'),(5,9,52,59,'35001104'),(6,10,79,69,'27417940'),(7,13,61,40,'37637752'),(8,14,36,95,'41133452'),(9,16,17,94,'3331944'),(10,18,141,50,'15715890'),(11,20,105,84,'6323455'),(12,21,32,5,'34083772'),(13,23,108,96,'15308496'),(14,24,45,38,'24534096'),(15,25,98,20,'2902933'),(16,26,141,23,'15520059'),(17,28,37,69,'23319250'),(18,29,38,12,'52153341'),(19,30,58,49,'44755460'),(20,31,42,26,'44411440'),(21,34,67,59,'1438605'),(22,36,67,23,'8790465'),(23,37,119,29,'3802865'),(24,38,103,83,'17144050'),(25,40,77,98,'9654412'),(26,41,57,2,'56815660'),(27,44,52,28,'4740267'),(28,47,4,35,'22427109'),(29,48,95,36,'54458250'),(30,50,143,16,'25558665'),(31,51,5,22,'5612514'),(32,52,81,42,'14072640'),(33,53,91,55,'40272235'),(34,55,20,32,'23569710'),(35,56,141,79,'4713942'),(36,57,1,41,'1272449'),(37,60,106,80,'7909384'),(38,61,40,62,'25995992'),(39,63,2,64,'5058764'),(40,64,112,100,'5417669'),(41,65,20,59,'13909730'),(42,66,98,38,'18253904'),(43,67,87,92,'8572025'),(44,71,37,31,'18680731'),(45,72,120,60,'15818768'),(46,73,31,38,'33210196'),(47,74,98,75,'21533003'),(48,75,20,79,'34078220'),(49,78,58,17,'34087652'),(50,80,48,62,'63363218'),(51,83,100,64,'8123680'),(52,84,59,1,'21532452'),(53,85,144,36,'25519522'),(54,86,125,84,'19818978'),(55,87,52,76,'3512252'),(56,88,77,5,'15183604'),(57,89,102,39,'18051609'),(58,90,61,96,'8654481'),(59,91,55,97,'33399934'),(60,93,93,20,'25558665'),(61,95,22,100,'99573062'),(62,97,80,80,'10512975'),(63,98,63,45,'2551496'),(64,100,97,83,'11346736');
/*!40000 ALTER TABLE `payment` ENABLE KEYS */;
UNLOCK TABLES;

--
-- Table structure for table `product`
--

DROP TABLE IF EXISTS `product`;
/*!40101 SET @saved_cs_client     = @@character_set_client */;
/*!40101 SET character_set_client = utf8 */;
CREATE TABLE `product` (
  `ID` int(11) NOT NULL AUTO_INCREMENT,
  `name` varchar(60) NOT NULL,
  `number` int(11) NOT NULL,
  `price` varchar(15) NOT NULL,
  `score` int(11) DEFAULT 0,
  `detail` varchar(300) DEFAULT NULL,
  `shop_id` int(11) DEFAULT NULL,
  PRIMARY KEY (`ID`),
  KEY `shop_id` (`shop_id`),
  CONSTRAINT `product_ibfk_1` FOREIGN KEY (`shop_id`) REFERENCES `shop` (`ID`)
) ENGINE=InnoDB AUTO_INCREMENT=151 DEFAULT CHARSET=utf8mb4;
/*!40101 SET character_set_client = @saved_cs_client */;

--
-- Dumping data for table `product`
--

LOCK TABLES `product` WRITE;
/*!40000 ALTER TABLE `product` DISABLE KEYS */;
INSERT INTO `product` (`ID`, `name`, `number`, `price`, `score`, `detail`, `shop_id`) VALUES (1,'memory liver',191,'5102832',8,'Suscipit qui dignissim elitsed autem ipsum velit nonummy iusto feugait dignissim vero volutpat dignissim iriuredolor ex aliquip nulla ad vel ad exerci et vel facilisi iriuredolor consequatvel augue velit velit commodoconsequat vel duis ex suscipit in suscipit vulputate vero hendrerit dolore iriure h',50),(2,'ocean apparel',23,'2451848',6,'Exerci feugait aliquam at in consequatvel odio nostrud facilisis consectetuer consectetuer enim illum etaccumsan tation autem accumsan dolor vel dolore ea wisi ut ullamcorper dolor minim duis consequat minim eros iriuredolor consequat duis at eros facilisi hendrerit minim ad elitsed doloremagna invu',12),(3,'squid sea',99,'6798531',9,'Praesent duis ut eros et ea praesent praesent feugait nulla duis vero vero facilisi et duis ea autem ex et vel duis dignissim molestie et nulla in facilisis eros ut blandit dolore iustoodio erat ea illum odio duis Utwisi odio luptatum duis laoreet velit eum enim delenit dolore blandit ut facilisi eu',87),(4,'sidewalk aluminum',149,'8667502',0,'Commodoconsequat qui consequat invulputate luptatum tincidunt ad aliquip facilisi molestie lorem at ut in aliquam minim illum tationullamcorper adipiscing velit nulla vero duis esse esse eros et iriuredolor dignissim aliquip te nulla commodoconsequat facilisis ullamcorper dolore laoreet delenit laor',99),(5,'hood postbox',104,'8519555',5,'Tationullamcorper duis velit exerci nonummy qui nostrud te ipsum nostrud dolor dolore eu nulla dolor dolore lobortis at molestie dolore hendrerit veniamquis praesent commodoconsequat te eufeugiat ea vel delenitaugue facilisi odio ad vel dolore nisl dolor in aliquip vero.',59),(6,'gauge save',137,'8178032',9,'Nibh luptatum elitsed dolore facilisi eros ullamcorper duis wisi quis Utwisi minim vulputate molestie lobortis facilisi ut nonummy dolore enim ut hendrerit eu doloremagna nislut ut feugait feugiat duis erat et laoreet velit blandit facilisi diam ipsum sit te elitsed nulla duis wisi et nonummy vel wi',53),(7,'neck bead',166,'3745934',0,'Nostrud facilisis ex vel dignissim vel nibh invulputate erat et consequat erat dignissim dignissim dolore vulputate et autem molestie nulla eum eros vel ipsum nulla.',10),(8,'state gender',67,'8629028',0,'Te feugait molestie odio et eum praesent suscipit autem eros augue nulla feugait lobortis ad dolor ad commodo ipsum tation nulla consequat nulla illum commodoconsequat accumsan ex duis Utwisi vero feugait erat nostrud consequat ad eu diam hendrerit ut ad suscipit esse dolor ex eum ex lobortis dolore',83),(9,'surgeon pink',79,'2537105',0,'Facilisi ad consequatvel facilisi in nulla etaccumsan commodoconsequat suscipit eum nulla praesent eros tation enim autem nulla consequat commodo velit consequatvel ad doloremagna veniam veniamquis suscipit et vel iriure nibh aliquip et euismod delenit veniamquis lobortis vero tation luptatumzzril d',59),(10,'Congo eyebrow',189,'3154893',0,'Minim iriure esse consequat suscipit ex vel autem vulputate tincidunt wisi blandit in vero esse eufeugiat feugiat at facilisis facilisi sit molestie volutpat vero nulla vulputate consequat facilisis illum volutpat nulla vulputate nislut esse tincidunt nislut vero qui euismod dolore.',19),(11,'helmet handicap',56,'5400979',0,'Wisi duis tationullamcorper duis commodoconsequat at et esse dolore commodo nulla facilisi blandit consequatvel facilisi blandit in veniam exerci ex consectetuer nulla praesent vel eros esse delenitaugue eufeugiat ea iustoodio lobortis Utwisi lobortis minim facilisis facilisis eros diam illum enim e',85),(12,'hydrogen jaguar',161,'5612514',6,'Nostrud illum veniamquis vel nulla esse duis tation eros exerci volutpat erat luptatumzzril feugait Utwisi eum tation sit nulla nulla erat vel tationullamcorper qui sit tation vero eum lobortis odio commodo blandit nulla eu luptatumzzril et dolor ipsum feugiat illum diam ea commodoconsequat quis inv',5),(13,'tongue facilities',118,'6826771',0,'Ut minim qui minim eros nonummy te duis lobortis facilisis eum veniam eros exerci facilisi blandit hendrerit ipsum ad luptatumzzril velit exerci vel tation tincidunt nulla etaccumsan exerci lobortis invulputate volutpat duis lobortis blandit in nulla dolore ad exerci dolore facilisi tationullamcorpe',45),(14,'copy drum',147,'6753672',0,'Dolore tationullamcorper molestie nostrud illum commodoconsequat hendrerit quis te consequat vero elitsed et ut facilisi etaccumsan iustoodio minim lorem ullamcorper duis tincidunt adipiscing ut veniamquis doloremagna dolore nostrud in ut nulla et amet autem nonummy te etaccumsan vero hendrerit feug',50),(15,'woman freckle',61,'2689188',0,'Dolor exerci te adipiscing et zzril in ad nulla nostrud lobortis ullamcorper te duis facilisis nulla ullamcorper quis dignissim enim illum ut duis ullamcorper amet etaccumsan eufeugiat nulla adipiscing eufeugiat te aliquip minim commodoconsequat suscipit at duis ex wisi consequat ad dolor autem tati',2),(16,'select broccoli',14,'7988659',0,'Nulla duis volutpat qui facilisis dignissim eros eum dolor adipiscing dignissim facilisi et nislut commodo suscipit minim nislut laoreet dolor in ea ea esse aliquip facilisi hendrerit blandit doloremagna duis qui tation te doloremagna esse exerci zzril enim luptatumzzril vero tationullamcorper venia',92),(17,'black vessel',84,'1781593',7,'Dignissim te Utwisi vel suscipit illum velit tationullamcorper duis enim dolor hendrerit molestie iriuredolor ea illum duis feugiat nostrud ad commodo consectetuer nostrud ullamcorper eros luptatum et commodo consequat dignissim tationullamcorper duis hendrerit exerci eum blandit enim suscipit aliqu',51),(18,'singer Anthony',48,'8669078',0,'Dignissim esse commodo nonummy minim hendrerit nulla nonummy at veniamquis aliquip ex feugait suscipit ea facilisis dignissim enim dolore velit illum wisi dolore qui molestie vel feugiat wisi consequat delenit etaccumsan erat wisi facilisi ad in iustoodio volutpat exerci exerci nulla duis etaccumsan',3),(19,'head glove',108,'7277381',0,'Etaccumsan ad dignissim ipsum consectetuer feugait nislut illum elitsed suscipit vero eros duis accumsan sit duis consequat Utwisi iusto ex ad ut duis in praesent dignissim exerci euismod eros consectetuer vel eum facilisi nonummy eu lobortis exerci consequat wisi exerci accumsan nulla illum nostrud',98),(20,'home offer',119,'3297387',6,'Ut feugait feugait delenitaugue consequat nulla veniamquis lobortis erat nonummy exerci dolore eum minim illum et vulputate Utwisi dolore delenit eufeugiat blandit consectetuer qui accumsan nibh feugait nulla volutpat minim illum Utwisi at laoreet nonummy et luptatum aliquip.',74),(21,'Mexico sailboat',36,'9194099',0,'Augue quis dolore ex nostrud feugiat nislut nisl duis volutpat iriure at nibh enim duis suscipit eum erat nisl in et ullamcorper delenit invulputate iriuredolor dolore vero nulla ex at esse duis luptatum molestie ut etaccumsan eros dignissim zzril autem ad nulla Utwisi ad odio feugait invulputate no',82),(22,'Aquarius cirrus',188,'7555647',0,'Dolore tincidunt dolore lorem at nulla eros dignissim ad minim nulla commodo enim eros eum euismod at in consequat dolore Utwisi eum et delenitaugue facilisis veniam augue at nisl eros vel qui tation duis nostrud esse dignissim elitsed nostrud suscipit ut dignissim consequat qui vero duis iusto ex m',29),(23,'radish crocus',107,'1920131',0,'Odio dolor elitsed velit duis in lobortis molestie minim autem minim duis nulla et elitsed esse iriuredolor in iusto minim minim vel ad duis duis esse feugait vel zzril ea dolor elitsed consequat hendrerit diam dolore vel etaccumsan aliquip eu duis commodo velit Utwisi sit augue te velit nisl praese',22),(24,'muscle season',51,'8790465',4,'Laoreet eum minim feugait augue ad eum suscipit ex doloremagna Utwisi et tincidunt delenitaugue ut molestie erat dolor hendrerit tincidunt ipsum in qui esse ad vero molestie hendrerit vel volutpat nulla iustoodio ea vel ad eros luptatum veniamquis consequatvel lobortis eros nostrud in wisi veniam co',44),(25,'supply condition',184,'8976040',0,'Nisl hendrerit dolor delenitaugue dolor veniamquis facilisi etaccumsan dolore commodo hendrerit dolore accumsan commodoconsequat dolor zzril Utwisi commodoconsequat luptatumzzril et euismod dolore tincidunt feugiat commodo iusto dolor quis nulla consequat dolore minim ea tation aliquip iustoodio aug',75),(26,'territory anteater',113,'5446801',0,'Eros ex dolore suscipit sit molestie duis wisi blandit lorem molestie molestie amet erat molestie nisl dolor suscipit commodoconsequat ut ut vulputate eum aliquam euismod at ipsum facilisi dolore duis dolore erat exerci nulla ut augue dolor praesent dignissim minim minim iustoodio eros duis qui ulla',88),(27,'flute brow',182,'3970566',0,'In hendrerit minim nibh eros ad nisl te diam consequat commodo iustoodio hendrerit eros esse eros duis velit aliquam ut lobortis molestie ea ut nulla enim consectetuer commodo iriuredolor exerci enim eum ut eros veniamquis te ex invulputate nostrud.',90),(28,'rain octave',17,'7681416',0,'Ad dolore lobortis volutpat te dignissim eufeugiat facilisi vero in eufeugiat duis nibh duis Utwisi erat duis lorem molestie aliquip iusto aliquip enim facilisi nulla wisi enim molestie tationullamcorper et et blandit duis ipsum accumsan illum ut ex ad etaccumsan consequatvel feugait delenit feugiat',20),(29,'flight part',19,'990516',8,'Nulla facilisis facilisi diam vero elitsed ullamcorper blandit duis ut eum luptatumzzril elitsed ullamcorper wisi consequat ut praesent volutpat duis veniamquis lorem ex et consectetuer ea ex dolore volutpat duis nulla vel nonummy at lorem nislut feugait enim volutpat tation ut exerci blandit ut con',76),(30,'land responsibility',173,'5672972',9,'Amet feugait lobortis dolor amet vel minim ipsum ut veniam nonummy nisl te illum ut et dolore nulla invulputate facilisi in tation volutpat nonummy commodo lobortis nisl duis facilisi dolore feugiat vel dolore te velit feugait nostrud luptatum Utwisi tation ad ullamcorper doloremagna et duis odio ad',6),(31,'station mountain',108,'8843614',0,'Invulputate qui ut feugiat ad qui nulla minim lobortis vel amet ad dolor nonummy adipiscing et molestie esse commodoconsequat vero nostrud delenit etaccumsan autem ut adipiscing luptatum consequat nostrud ad augue esse delenitaugue adipiscing dolore blandit lobortis nulla nulla luptatum facilisis il',20),(32,'sponge whip',96,'3512252',4,'Lobortis eum nostrud diam vel enim dolor duis ex dolor hendrerit in ipsum delenit autem dolore ipsum euismod diam sit facilisis ad lobortis nulla diam veniam iustoodio aliquip veniam quis aliquam consequat nulla minim autem ipsum hendrerit duis tation eu eum iriure ex aliquip blandit dolor Utwisi fe',43),(33,'clam alley',49,'3504325',10,'Etaccumsan ad doloremagna ad nonummy lobortis consectetuer elitsed veniamquis volutpat vel lorem odio nulla in delenit laoreet feugait feugait suscipit eu quis facilisi consequat amet quis euismod dolor exerci veniam minim autem invulputate nostrud suscipit aliquip duis enim nostrud ullamcorper aliq',67),(34,'pansy riddle',10,'7815885',0,'Ad iriure commodoconsequat blandit consequatvel accumsan augue eum facilisis suscipit dolor volutpat in blandit dolor in lobortis at eum autem ex feugiat consequat enim facilisis vero duis qui commodoconsequat nulla veniamquis lorem ea nislut dolor facilisis ut hendrerit dolore euismod vel aliquip a',21),(35,'dew snow',169,'4526607',1,'Nulla autem vulputate commodoconsequat tationullamcorper qui tation ea nostrud delenitaugue autem blandit adipiscing luptatum consequat hendrerit tationullamcorper dolore in nostrud in nulla exerci consequat ullamcorper consequatvel in vero feugait eros ut dolore aliquip molestie dolore nonummy te e',68),(36,'mandolin pelican',48,'3008036',3,'Laoreet duis facilisi volutpat dolore delenitaugue nislut nisl enim praesent nostrud laoreet nulla feugait praesent vel consequat exerci duis quis te commodo luptatumzzril vero luptatum autem.',47),(37,'TV puffin',81,'6954865',5,'Nostrud autem wisi at exerci ullamcorper facilisi sit vero amet euismod veniamquis vero nulla ipsum ad duis ullamcorper amet minim vel feugiat ex nulla minim qui hendrerit consequat et duis eufeugiat erat ex illum facilisis delenitaugue minim suscipit zzril ex dolore duis vel facilisis quis facilisi',23),(38,'cork Michelle',52,'7191213',6,'Consectetuer et illum dignissim nislut nulla dolore minim ullamcorper sit at qui dolor vel nulla nulla dolore enim in et amet elitsed ullamcorper elitsed eum facilisi volutpat erat molestie nostrud minim feugait praesent ut augue in ex vero elitsed eu iriure laoreet aliquip nulla.',49),(39,'account income',68,'4760018',0,'Autem et nislut ex dolore iriure facilisi Utwisi blandit in nulla vero zzril doloremagna vel iustoodio ex dolore blandit luptatumzzril minim autem nulla iriuredolor exerci nostrud iriuredolor dolore eum eufeugiat nostrud erat aliquip enim nislut consequatvel ad praesent nostrud iriuredolor iusto at ',94),(40,'felony dragonfly',189,'9260060',0,'Praesent hendrerit nibh vel elitsed esse feugait diam aliquam ad blandit commodoconsequat tationullamcorper lorem dolor commodo nislut nostrud ex adipiscing eu et facilisi dolore aliquip tincidunt luptatumzzril esse commodoconsequat veniamquis ut nulla et laoreet praesent dolore.',2),(41,'patch spider',171,'9283072',9,'Esse vero commodoconsequat ad autem dolore dolore feugait dignissim ex dignissim iustoodio zzril commodoconsequat nulla exerci commodo consectetuer in ad autem iustoodio invulputate molestie laoreet tincidunt minim feugait autem lobortis vel luptatum consequat commodo wisi dolor suscipit in ipsum qu',52),(42,'aluminium litter',29,'9787207',0,'Dolore veniamquis wisi nulla feugiat et aliquam dolore dolore praesent ad esse ea iriure blandit illum illum duis molestie in ad nisl.',77),(43,'badge Michael',89,'8742935',0,'Duis lobortis enim velit nisl facilisi velit lobortis aliquip hendrerit at iriuredolor dolore illum feugiat nostrud et velit aliquam facilisi praesent Utwisi et aliquam eros accumsan dolor exerci illum augue accumsan ad sit nulla at lorem dolor molestie hendrerit esse.',81),(44,'spade size',27,'4061840',4,'In tationullamcorper praesent feugiat praesent iriuredolor aliquip esse illum minim at nostrud enim aliquam autem erat quis duis nislut qui laoreet consequat ea eum velit tation dignissim exerci adipiscing lobortis iriure lobortis dolore luptatumzzril tation blandit te feugait ut hendrerit duis illu',23),(45,'clipper quail',110,'4281570',0,'At nislut suscipit enim consequat qui esse volutpat adipiscing molestie te esse molestie enim ex lorem odio quis augue ea et consectetuer consequat accumsan ipsum euismod ullamcorper dolore exerci aliquip nulla minim wisi illum vel adipiscing consequat eum eum exerci feugait feugait iusto at tincidu',71),(46,'Carol daughter',190,'3373680',0,'Iriure illum qui eum amet zzril elitsed autem te duis duis molestie feugait vero eum dignissim eros vel nostrud elitsed consequatvel iustoodio commodo eum lorem consequatvel quis exerci minim diam esse dolore ullamcorper nostrud molestie ut minim volutpat volutpat veniam diam consequat suscipit comm',46),(47,'step-uncle leaf',88,'6719361',0,'Commodoconsequat in molestie consectetuer eum invulputate at ea illum nisl quis duis qui amet in minim dolor facilisi delenit dolor adipiscing volutpat in tation enim Utwisi exerci ea suscipit nulla et qui adipiscing te duis vel velit illum aliquip exerci luptatumzzril feugait accumsan esse eufeugia',58),(48,'point washer',128,'4827206',1,'Commodoconsequat nisl accumsan eros ea vel molestie Utwisi adipiscing duis facilisi exerci enim ut ut et ea veniamquis eufeugiat in autem adipiscing.',54),(49,'Kenya trousers',120,'569959',0,'Etaccumsan eros hendrerit veniamquis vero laoreet velit aliquip zzril nulla erat at dolore wisi commodoconsequat autem praesent lobortis autem exerci praesent vero adipiscing nulla in diam diam eros consequatvel iusto commodo nulla adipiscing tation feugait commodo feugiat eum dolor veniamquis digni',91),(50,'swordfish mind',79,'5595918',1,'Dignissim qui nislut volutpat delenit consequat autem enim te ea odio consequatvel iusto delenit in enim eros duis iriure exerci ex nulla velit et lobortis esse illum praesent vero delenitaugue dignissim eu laoreet eufeugiat aliquip etaccumsan tation elitsed ipsum duis ad vel ex facilisis vulputate ',83),(51,'hacksaw lake',179,'4447444',1,'Delenitaugue vero vel eum wisi praesent eum velit delenit hendrerit wisi iriuredolor esse aliquip facilisi accumsan blandit et diam lobortis enim et at et erat ullamcorper nulla vel ad nonummy exerci aliquip nislut et praesent accumsan velit consequat luptatum te in illum volutpat at ad et nibh blan',39),(52,'mascara fir',174,'6649361',0,'Et velit etaccumsan ea vel duis vero in delenit vero sit zzril iusto facilisis ipsum enim dolor suscipit nulla molestie tincidunt autem et ad vero tincidunt amet lorem iriuredolor suscipit doloremagna exerci at at iustoodio vel duis eufeugiat doloremagna ut nonummy exerci nulla suscipit facilisi ame',75),(53,'attack lathe',139,'6845352',6,'Luptatumzzril invulputate consequat in facilisis consectetuer aliquam iriure praesent ipsum nislut sit consequat vel feugait et lobortis in luptatum dignissim nulla eum velit tationullamcorper ut eum luptatumzzril qui feugait praesent te ad vel esse amet Utwisi autem at lobortis tincidunt commodo ni',90),(54,'twig manager',190,'6755195',0,'Suscipit erat ut euismod veniam nostrud enim ut te invulputate eros commodoconsequat adipiscing minim iriure eum facilisi duis veniam eum et doloremagna et zzril esse iriuredolor sit enim consequat luptatumzzril ea tincidunt autem wisi ad luptatumzzril iusto eros blandit iustoodio nostrud at ullamco',22),(55,'day C-clamp',53,'8663633',0,'Augue exerci wisi in odio iriuredolor exerci adipiscing vel qui laoreet minim enim eum et ad nostrud dolore vulputate etaccumsan lorem iusto tationullamcorper at zzril ex illum autem minim dolor aliquam in ad erat dolore ea etaccumsan ipsum facilisis vel eros praesent hendrerit ex in ad vel Utwisi q',30),(56,'millennium algebra',78,'7086789',10,'Et iriuredolor commodoconsequat augue duis aliquip iriuredolor molestie veniam luptatum sit dolore blandit exerci dolor duis praesent facilisis hendrerit duis ex nulla tation nisl facilisis tation iustoodio dolore wisi dolor at zzril consequatvel facilisis delenitaugue sit enim nislut at augue commo',35),(57,'softdrink spot',138,'1264691',6,'Duis autem qui dolor lobortis qui et augue facilisi nulla dolor autem adipiscing enim volutpat esse nostrud ea tincidunt feugiat ullamcorper molestie consequat esse dolore dignissim sit eum dolore vulputate aliquip ut amet nostrud iriure aliquip accumsan nibh accumsan dolore eum vel delenit luptatum',94),(58,'France South Korea',26,'5921575',0,'At et euismod adipiscing volutpat commodoconsequat nonummy feugait nostrud dolore te consectetuer erat exerci nonummy at illum tationullamcorper ea minim eros minim autem esse hendrerit veniam elitsed iriuredolor eros et ea minim lorem at in blandit nostrud volutpat ea ipsum ea dignissim iriure odio',10),(59,'spade iron',27,'9444935',0,'Invulputate vero volutpat minim enim nonummy ex nulla eufeugiat eum autem eros invulputate suscipit esse ut ad feugait iustoodio zzril accumsan eu autem molestie ullamcorper velit lobortis blandit dolore commodo velit dolore consequat accumsan lorem blandit illum iustoodio aliquam consequat in ut no',55),(60,'male orchid',128,'3348212',0,'Dolore quis vero at ad iustoodio invulputate wisi et consequat duis nulla ad praesent commodoconsequat esse in odio feugait at velit in nibh consequat facilisis in dolore Utwisi commodoconsequat eu enim et erat velit lorem illum duis autem ex velit duis blandit illum lorem erat delenit et praesent a',39),(61,'journey gondola',189,'8764430',0,'Ex veniam diam erat consectetuer ex autem te velit commodoconsequat veniamquis eros praesent nulla ex velit consectetuer ea vel dolore duis eu adipiscing facilisis sit ut facilisis veniam eum vel nulla adipiscing eros blandit nibh vel dolore duis molestie blandit doloremagna praesent at minim ex ips',16),(62,'reindeer meat',182,'4126579',7,'Molestie odio luptatum consequat feugait in at eros nulla facilisi aliquip feugiat qui ipsum dolore esse blandit consequat lobortis ex et duis exerci consequat feugait duis nulla vulputate ipsum nisl sit augue nonummy duis iriuredolor illum iustoodio ullamcorper ipsum vero diam ea vulputate dolore c',63),(63,'scorpion icebreaker',132,'249734',0,'Qui consequat ea nulla praesent lobortis dignissim ex feugiat invulputate aliquam at praesent illum wisi praesent eum eum enim ut feugait enim suscipit in facilisi dolore doloremagna ut ullamcorper delenit duis blandit duis sit molestie aliquam iriure nulla etaccumsan ut doloremagna eu vero vero con',100),(64,'beat surprise',64,'5896670',0,'Duis euismod Utwisi aliquip et vel dolor suscipit tationullamcorper ullamcorper nostrud blandit tincidunt illum autem laoreet lobortis praesent hendrerit vulputate euismod illum dolor odio facilisi nulla consequat aliquam nulla nisl zzril erat facilisis ex zzril dolore suscipit odio tationullamcorpe',12),(65,'mitten river',174,'1755156',3,'Lorem iriuredolor iriuredolor autem minim duis suscipit dignissim ad accumsan tincidunt at eros nulla consectetuer vel ut ut autem elitsed feugiat et nisl veniam praesent duis qui et vulputate nonummy te adipiscing facilisi et duis tationullamcorper feugiat etaccumsan nostrud nulla diam ea consequat',97),(66,'cushion evening',196,'1539272',9,'Illum sit molestie iriuredolor eros adipiscing nislut vero nostrud nibh suscipit feugait nulla duis lorem vel facilisi velit dolore eros lobortis iustoodio te enim minim nibh blandit at duis nostrud nulla dolore feugiat eu vero augue zzril nislut nulla iriuredolor nisl praesent aliquip in nislut del',7),(67,'stomach duck',99,'4713942',3,'Euismod qui suscipit feugait eu erat in diam in commodo vero tationullamcorper consectetuer invulputate diam duis facilisi amet ipsum invulputate ut autem lobortis tationullamcorper eu iusto ad facilisi veniamquis nulla zzril suscipit consequat facilisis dolor veniam vel erat erat eum nostrud dolor ',90),(68,'department lamp',11,'1714020',0,'Blandit at volutpat nulla augue vel in et ex eum feugiat eu exerci exerci euismod wisi tation ex erat ex duis minim feugait tincidunt etaccumsan nisl nisl amet accumsan nibh iriuredolor te vulputate ex autem et te tation in facilisis amet duis autem consectetuer aliquip autem delenitaugue ad odio eu',39),(69,'consonant novel',197,'5026687',10,'At vel ut suscipit feugiat elitsed te hendrerit iustoodio ullamcorper facilisi volutpat suscipit ex veniamquis ad vulputate feugait adipiscing wisi duis dolore hendrerit hendrerit illum aliquam velit facilisi enim augue ut ut ad te vel feugait iriure velit aliquip ipsum nulla enim dignissim dolor at',40),(70,'granddaughter cave',148,'7911234',0,'Exerci veniam eum dignissim nisl dignissim dignissim nostrud feugait duis at tincidunt molestie iriuredolor enim veniam nisl elitsed ullamcorper invulputate dolore vero et et in amet ut duis iriuredolor consequatvel commodoconsequat nulla ut exerci ex autem euismod nulla invulputate nostrud et nostr',4),(71,'noise hole',140,'7909384',8,'Facilisis tincidunt erat ullamcorper dolor feugait duis esse laoreet quis dignissim exerci ullamcorper augue laoreet adipiscing nulla ad velit adipiscing feugait wisi lobortis enim praesent in aliquip lobortis lobortis nulla ullamcorper veniamquis doloremagna vel iusto commodo ut dignissim iriure ve',15),(72,'click egg',68,'579342',0,'Adipiscing at iriuredolor dolore vulputate ex volutpat ea zzril lobortis vero volutpat eu iriuredolor velit dignissim erat minim tincidunt quis facilisis vulputate iusto facilisi delenit in vulputate ea adipiscing eum tincidunt delenitaugue wisi elitsed tincidunt autem dignissim minim autem sit vulp',26),(73,'surname price',153,'6026382',0,'Nulla hendrerit facilisis vel nulla volutpat accumsan praesent invulputate iustoodio amet eu ad consequat at zzril tationullamcorper exerci dolor ut facilisi autem facilisis adipiscing volutpat praesent autem invulputate iusto facilisi ex laoreet amet Utwisi vulputate minim vel molestie suscipit nis',85),(74,'rugby unit',192,'5483588',10,'Accumsan elitsed enim et laoreet vel eros velit in augue ut dolore ut facilisi tationullamcorper molestie ut consectetuer vel lorem nibh duis exerci volutpat duis at consectetuer nostrud qui commodoconsequat blandit iriure iriure nonummy amet qui eufeugiat minim nostrud autem volutpat esse consequat',83),(75,'tsunami watchmaker',193,'5238630',2,'Esse vulputate blandit luptatum nostrud euismod hendrerit nisl delenitaugue autem ad enim invulputate duis ullamcorper euismod qui enim vel nulla euismod vero commodoconsequat nonummy suscipit lobortis eros eu duis te eum veniam elitsed consequat nislut hendrerit dolor eufeugiat nonummy luptatum dol',18),(76,'sweets giraffe',107,'232339',0,'Ex iusto erat vel iriure augue qui consequatvel vel ea vero facilisi veniam duis vero ut tationullamcorper exerci velit te iriure ullamcorper iusto lobortis consequat accumsan aliquam esse aliquip eros nisl etaccumsan aliquip luptatum facilisi suscipit iriure duis aliquam commodoconsequat exerci nis',29),(77,'rainbow week',89,'2833189',0,'Luptatumzzril at vulputate te facilisis lobortis eu aliquam etaccumsan dolore vel vero ut dolore ut minim molestie dignissim amet consequat in facilisi vel elitsed aliquip tationullamcorper ipsum consectetuer nulla ut ea ex dolor aliquip veniamquis dolore adipiscing exerci iriure nislut dolore etacc',71),(78,'kiss teeth',49,'645361',2,'Utwisi vero vulputate tincidunt iriure facilisi praesent ea exerci velit commodo Utwisi eum in te tationullamcorper consequat tincidunt dignissim dolore tationullamcorper aliquam ea doloremagna nostrud veniam eum laoreet molestie tationullamcorper Utwisi delenit qui facilisis ullamcorper dolore dele',39),(79,'dresser dresser',150,'9172116',4,'Erat amet veniamquis lobortis facilisi delenitaugue ex luptatumzzril te duis euismod vel eros nostrud aliquip facilisi facilisis ut eu odio tincidunt ex vel feugait ea autem minim sit euismod laoreet te et nulla delenit illum ut iriure ex diam dignissim te delenitaugue et suscipit ut aliquip facilis',95),(80,'dipstick horse',108,'9743015',6,'Ut consequat exerci wisi aliquam luptatum ullamcorper hendrerit ut invulputate blandit vero vulputate nulla feugait facilisis invulputate etaccumsan enim nulla augue velit te dolore feugait delenitaugue vel delenit dignissim ut eum consequat dolore nulla ad facilisis consequat ex et iriure nulla lob',15),(81,'move continent',16,'8566575',0,'Dolore qui suscipit quis feugiat nostrud velit duis vel ad vero in commodo enim qui euismod dolor feugait ex aliquip amet veniam nonummy nostrud nulla consequat aliquip vero eum esse facilisi luptatum tation ut nostrud nibh doloremagna ad lobortis ut duis vel iriure quis illum augue illum laoreet ex',34),(82,'fiction piano',198,'2066902',0,'Ex sit luptatum ut facilisi blandit in enim iustoodio amet autem feugiat in dolore molestie suscipit vel nulla ex etaccumsan nislut aliquip duis lobortis sit dignissim augue commodo tationullamcorper odio facilisis etaccumsan eros tincidunt et eros veniamquis te ullamcorper odio tincidunt amet vero ',97),(83,'family onion',25,'6663319',1,'Luptatumzzril vel sit suscipit amet eros at dolor commodo in eu elitsed aliquip in aliquam aliquam iriuredolor elitsed eros tationullamcorper euismod ipsum ullamcorper adipiscing ut ipsum nostrud te iriure dolor nulla iustoodio velit illum vel minim duis dolore duis ipsum blandit commodo dolore zzri',55),(84,'vacuum snowboarding',183,'3740067',1,'Praesent aliquip duis eum eum facilisis amet ad dignissim ex eros te luptatum velit te aliquip qui enim adipiscing Utwisi nulla blandit erat consequatvel invulputate ad commodo erat commodo hendrerit iriure tincidunt ad ut eum dignissim lobortis vel ad vulputate delenit illum hendrerit lobortis dele',47),(85,'wood reward',106,'2884827',3,'Qui tationullamcorper feugiat ullamcorper luptatumzzril aliquip tationullamcorper dolore aliquip doloremagna in consectetuer aliquip veniamquis elitsed laoreet euismod minim te nulla veniam vero tation lorem eum veniam blandit aliquip ad et iriure hendrerit eufeugiat iusto dignissim feugiat molestie',18),(86,'creek quilt',183,'2551496',5,'Feugiat at minim at nulla Utwisi nislut ut exerci duis et illum ea exerci delenitaugue commodoconsequat facilisi luptatumzzril ut molestie sit etaccumsan dolor autem vulputate vero tationullamcorper vel dignissim nostrud ullamcorper exerci autem facilisi delenit vulputate ut commodoconsequat esse er',1),(87,'lyocell operation',116,'7137553',0,'At commodoconsequat luptatumzzril consequat odio ipsum tincidunt invulputate euismod augue qui ullamcorper dignissim at vel erat minim nulla ea velit te dignissim dolor et suscipit ut odio hendrerit odio ipsum invulputate minim ipsum molestie vel dolore in duis accumsan sit ea vero nulla velit bland',95),(88,'debt algebra',138,'4344971',9,'Elitsed at consequatvel veniam dolore aliquip ex minim euismod in delenit hendrerit ut nulla duis ut duis wisi ad ad luptatum ex ad nislut eufeugiat tationullamcorper consequatvel veniamquis molestie delenit blandit iriure praesent hendrerit lobortis praesent te lobortis et erat autem etaccumsan con',13),(89,'bull hexagon',90,'9410802',6,'Exerci commodoconsequat at volutpat enim zzril in illum ea at enim enim feugiat nibh enim te eum lobortis luptatum autem ad praesent lobortis nisl ut wisi in nulla commodo dolor minim praesent molestie et ut tincidunt iusto erat vero tincidunt blandit autem minim ipsum lobortis feugait enim nulla do',87),(90,'grey chicken',22,'1008240',0,'Et autem tationullamcorper delenit feugait nulla exerci volutpat ex duis nulla autem delenit nislut et facilisi duis nibh eufeugiat dolore ea wisi aliquip laoreet iustoodio iustoodio exerci diam nonummy ad tationullamcorper dignissim consectetuer esse ut iusto ea commodoconsequat eu autem praesent n',1),(91,'imprisonment waterfall',141,'5417464',0,'Iriure nostrud accumsan eum et tation lobortis blandit autem nulla iriure te wisi commodo invulputate quis minim hendrerit blandit praesent hendrerit autem vel facilisi enim amet ea ad exerci consequat volutpat nulla iriuredolor etaccumsan nostrud vero hendrerit et et iriure consectetuer erat ex exe',15),(92,'touch pimple',64,'694478',0,'Eros autem iustoodio luptatumzzril molestie qui esse nostrud ex illum minim diam diam doloremagna vel nisl vel invulputate dolore ea Utwisi nostrud illum ipsum quis autem feugiat suscipit adipiscing erat et delenitaugue feugait dolore hendrerit ex dolor ea eros iustoodio velit nulla ea ipsum ut invu',60),(93,'beef cormorant',73,'6628271',0,'Vulputate eros dolore ad exerci ut hendrerit velit ad exerci nulla tationullamcorper te ex enim vel hendrerit enim vero molestie vel vel feugait facilisis nostrud nonummy invulputate quis delenit molestie luptatumzzril iustoodio etaccumsan veniam minim Utwisi et eum dolore luptatumzzril illum dolore',70),(94,'climb hyena',78,'6828957',0,'Molestie veniamquis diam ad blandit te minim velit suscipit euismod ad iustoodio illum commodoconsequat dolore tincidunt at vel consequatvel feugiat qui eum aliquip praesent commodo luptatum ex exerci aliquam molestie invulputate odio quis minim facilisis hendrerit duis nisl elitsed ut in illum lupt',52),(95,'glove Ghana',58,'1438605',2,'Lobortis aliquip erat nislut nisl eufeugiat iriuredolor nostrud invulputate molestie feugait dolore odio qui dignissim in ea eros eu esse te autem minim ut nonummy dignissim in minim at iusto nisl delenitaugue Utwisi exerci elitsed facilisi minim duis at tationullamcorper dignissim facilisi ex tatio',80),(96,'pedestrian session',51,'8572025',4,'Ullamcorper suscipit wisi consequat dolore sit tincidunt quis eu esse in et et ex eros dolor at molestie veniamquis aliquip ut nostrud dolor dolore lobortis suscipit vulputate nulla qui consequatvel dolore eu odio esse nulla illum praesent enim aliquip delenitaugue in hendrerit aliquip ea wisi nulla',18),(97,'gander capital',89,'8320531',0,'Autem doloremagna lobortis velit molestie at eufeugiat dolor volutpat ullamcorper in tation iriuredolor duis qui duis in odio dolore nulla volutpat qui volutpat commodoconsequat nostrud velit qui in nostrud eufeugiat veniam luptatumzzril duis te wisi ex ullamcorper ad enim eum duis doloremagna illum',36),(98,'eggnog shirt',120,'1580089',6,'Facilisi suscipit delenitaugue illum feugait exerci qui eros autem duis velit vel dignissim ipsum etaccumsan praesent amet adipiscing nulla iusto vel exerci dolore tincidunt minim suscipit commodoconsequat accumsan duis dignissim molestie molestie te iustoodio delenit consequatvel veniam iusto ea lo',29),(99,'zebra seal',126,'8750276',1,'Nislut wisi hendrerit te nislut eros ut iusto nostrud ea dignissim duis nulla delenitaugue laoreet dolor etaccumsan dolore dolor erat erat dolore dolor molestie suscipit suscipit suscipit velit facilisis duis euismod nostrud nulla ut dolor nulla dolore tationullamcorper tincidunt consectetuer laoree',10),(100,'adjustment thumb',133,'3783587',3,'Vel facilisis ad dolor iusto vel qui in nulla dolore consectetuer blandit autem lobortis eros elitsed facilisis veniamquis erat vel duis feugait augue aliquip delenit ut molestie aliquip ex dignissim invulputate te augue eufeugiat molestie dolor ullamcorper praesent vel consequat nislut lobortis ea ',41),(101,'evening rhinoceros',187,'760573',4,'Vero lobortis feugait invulputate enim eros at ea velit facilisi in praesent nonummy at dolore minim veniam enim odio at vero duis volutpat ex qui dignissim tation suscipit vero te exerci duis delenit lobortis vel blandit te zzril esse laoreet ex autem enim hendrerit doloremagna eufeugiat diam tinci',15),(102,'sycamore shape',103,'7188372',0,'Volutpat wisi ea veniam luptatumzzril vero vel te iriuredolor eros iriuredolor eum vel hendrerit autem praesent accumsan molestie lorem in feugait dolore duis ut dolore iriuredolor accumsan.',87),(103,'spy minister',131,'5555727',0,'Iriuredolor nostrud duis te iriure blandit consequat zzril adipiscing eu nulla minim qui suscipit wisi odio laoreet commodo consequatvel nisl eros lorem dolor facilisi illum augue hendrerit ut dolore illum ut velit suscipit odio consectetuer feugiat ullamcorper nonummy exerci hendrerit ad odio nislu',25),(104,'lamb December',154,'554795',0,'Dolore augue feugait ut commodo ullamcorper facilisi in duis adipiscing at vero hendrerit dolor euismod veniamquis nulla adipiscing at duis vero Utwisi molestie consequat sit duis nisl et ullamcorper doloremagna ut duis luptatumzzril lobortis te invulputate nisl facilisis nulla ex feugait lorem at s',100),(105,'hoe starter',47,'6946433',0,'Iustoodio odio ut duis ex nostrud odio nostrud feugiat vel dolore elitsed tationullamcorper vel commodoconsequat feugait vel lobortis minim luptatum accumsan et adipiscing amet dolore tation duis dolore praesent ut hendrerit blandit hendrerit nulla ut dolore in dolore et doloremagna lobortis duis mi',50),(106,'desire pansy',25,'4663850',7,'Minim molestie delenit diam lobortis laoreet ex hendrerit velit eum nulla lobortis delenitaugue facilisi zzril feugait aliquam tationullamcorper duis nibh tationullamcorper aliquip suscipit elitsed in blandit veniamquis delenitaugue nulla diam exerci blandit ipsum tationullamcorper suscipit illum di',54),(107,'macaroni gorilla',145,'1571151',0,'Veniam nisl vero hendrerit illum in veniamquis lobortis delenit at minim ut tationullamcorper tation suscipit eufeugiat dolore nostrud nislut ea consequatvel minim amet feugiat velit nulla ea in dolore accumsan quis erat in facilisi feugiat tincidunt dolor dignissim vulputate nislut luptatumzzril la',33),(108,'stage feast',13,'9384861',4,'At eum autem eros duis facilisis feugiat esse eum hendrerit vulputate eum lobortis ut nostrud eum luptatum autem blandit amet ad lobortis nulla molestie etaccumsan dolore elitsed nulla ex lobortis enim iusto duis aliquip exerci eufeugiat invulputate hendrerit vel nostrud iusto nibh autem volutpat nu',71),(109,'badger direction',180,'3772051',0,'Suscipit laoreet nulla commodo vulputate tincidunt praesent iriuredolor esse amet ad laoreet dolore exerci enim amet vel iriuredolor velit facilisis te dolore duis qui illum lobortis consequat duis esse.',92),(110,'power physician',65,'1110648',1,'Iusto commodo duis blandit vel sit iriure vel commodo commodo et laoreet autem in delenitaugue luptatumzzril euismod exerci odio tationullamcorper at nostrud consectetuer in ad exerci ut suscipit feugait facilisis volutpat praesent eum ex dolore amet zzril adipiscing illum consectetuer dolore volutp',74),(111,'alley pipe',29,'2516420',0,'Esse at aliquip sit diam nulla suscipit vel dignissim nulla hendrerit et feugiat eum consequatvel nisl invulputate qui nostrud at illum elitsed autem enim facilisi dolore exerci doloremagna molestie ut zzril duis vulputate erat nulla commodoconsequat esse in nulla consequat te elitsed ex blandit pra',38),(112,'sleep tortellini',196,'6265284',0,'Wisi enim ullamcorper feugait nulla nisl vero hendrerit in in delenit iriuredolor in dolor doloremagna duis hendrerit etaccumsan tationullamcorper dolore accumsan tationullamcorper adipiscing augue feugiat nostrud ad esse veniam euismod minim augue eum feugait et delenitaugue nibh dignissim facilisi',72),(113,'weeder seeder',180,'6825488',5,'Ad in hendrerit nisl dolore ea duis ut vero tincidunt feugiat hendrerit eufeugiat feugiat dolor ex eros velit tincidunt iusto zzril luptatum velit elitsed tation nulla zzril te suscipit eufeugiat facilisi duis ipsum duis vel nulla suscipit delenitaugue at ex invulputate feugait velit vel illum vero ',88),(114,'skiing dog',176,'4028284',4,'Zzril nulla iusto invulputate in et eum euismod zzril laoreet erat et dolore odio duis sit nostrud exerci et eros euismod velit autem dolore euismod facilisi illum molestie iustoodio dignissim illum nulla Utwisi exerci facilisis iusto praesent aliquip vel hendrerit praesent dignissim amet ipsum mole',48),(115,'reason selection',72,'6838680',0,'Eu invulputate suscipit duis veniam lorem qui eros dolore exerci nulla vel nislut ut praesent vulputate etaccumsan tincidunt nulla sit ea tation illum veniam ad qui duis Utwisi dolor exerci duis facilisi facilisi minim dolore te autem facilisi iriuredolor duis facilisi ex nulla vel aliquip sit feugi',79),(116,'newsprint archaeology',144,'6152782',4,'Lobortis ad consectetuer lobortis at te odio vulputate ex esse iriuredolor iustoodio nostrud dolor diam diam nulla dignissim et suscipit qui praesent laoreet vel veniam amet eu eros duis lobortis adipiscing illum et te nulla erat veniamquis ex delenitaugue at ipsum illum consequat enim delenit augue',35),(117,'Morocco ramie',101,'2224565',0,'Aliquip in feugiat velit eros vulputate eu eu feugait lorem eum delenitaugue facilisi in quis enim minim dolor augue molestie blandit nonummy nislut praesent nisl in ullamcorper elitsed vel ex autem illum accumsan facilisis dolore feugiat in eu at elitsed consectetuer elitsed dolore eu ut ex esse ut',63),(118,'saw skate',188,'9447079',0,'Hendrerit qui nonummy eufeugiat eu facilisis tation laoreet consectetuer wisi vel suscipit wisi vel praesent velit et eum at minim duis te augue molestie nisl ex duis iustoodio nulla praesent blandit et ullamcorper aliquip feugait dignissim vel ad qui autem feugiat praesent adipiscing at et dolor al',87),(119,'kitty distribution',114,'2133186',1,'Et augue hendrerit laoreet ad blandit vero ut aliquip aliquip ipsum at erat accumsan nulla in dolore zzril facilisi nonummy eufeugiat nonummy ullamcorper dolore feugait te et veniam nibh nislut aliquip nonummy duis veniamquis consequatvel eum ullamcorper quis dolore et dignissim invulputate eu eum a',24),(120,'married input',173,'623984',9,'Duis ea in eu tincidunt zzril elitsed ea diam feugait lorem iriuredolor facilisis vero consequatvel feugait sit luptatumzzril odio tation accumsan augue in exerci et consequatvel dolore etaccumsan euismod nostrud ea euismod consequatvel tationullamcorper autem te duis delenit aliquam et vel te tatio',36),(121,'territory hacksaw',58,'9249580',3,'Nulla nulla duis vulputate odio autem iriure facilisi minim dolore autem duis hendrerit wisi eum duis consequat nonummy quis eu wisi dolore molestie erat elitsed suscipit te diam vel esse facilisis invulputate blandit blandit at luptatumzzril vel feugait ad eum hendrerit delenit molestie dolore duis',65),(122,'vault music',87,'5417669',8,'Iusto in adipiscing consectetuer iriure nibh molestie ad molestie delenitaugue te commodo diam doloremagna sit dolore tationullamcorper enim suscipit dolore Utwisi commodo vel luptatum velit tation qui vel veniamquis nulla illum augue commodo exerci.',92),(123,'Europe corn',98,'118649',0,'Consequatvel dolore iustoodio at hendrerit consequatvel feugait accumsan duis iustoodio qui ut consequat esse iriure esse eros minim ex autem dolore diam illum adipiscing te te eum hendrerit autem tation commodo dolor dolore vero duis te aliquam nibh nulla tation in eros suscipit et blandit et eu ni',14),(124,'plate fairies',35,'859661',7,'Autem ex commodo ea doloremagna blandit blandit blandit iriuredolor euismod ut suscipit nulla blandit laoreet lobortis tation facilisis minim autem iusto nulla accumsan dignissim tincidunt blandit te duis eros vel illum luptatum eufeugiat et te facilisis dolore zzril sit sit autem volutpat luptatum ',71),(125,'ash attempt',151,'2589236',6,'Diam et duis iriure et nisl diam esse dolor molestie hendrerit volutpat eum iriure ad doloremagna ad vel aliquam nulla dolor iriuredolor ea vel velit aliquip illum praesent suscipit augue et iriuredolor qui amet blandit in molestie dolore facilisi eros ut nulla aliquip nulla iriuredolor nisl esse in',18),(126,'odometer locket',59,'9063431',0,'Nulla consequat zzril eros suscipit ut blandit diam commodoconsequat suscipit dolore Utwisi eum feugait augue nulla facilisi illum facilisi tincidunt nostrud facilisis duis delenitaugue lobortis iriure commodo erat iusto vel facilisi feugait illum nonummy dignissim ex te amet accumsan qui feugait du',58),(127,'wrecker scale',176,'2778423',8,'Lorem ut aliquam iriuredolor euismod dolor eros dignissim vel autem veniam consectetuer ut ex qui dolore molestie blandit Utwisi facilisi nulla hendrerit consequatvel facilisi illum diam eufeugiat aliquam facilisis ut ex minim tationullamcorper nostrud esse suscipit sit nulla suscipit minim dolorema',67),(128,'gallon jellyfish',187,'7883658',5,'Dolore feugiat volutpat ut in esse aliquam eum elitsed ut feugait facilisis ex diam elitsed hendrerit nostrud tationullamcorper tationullamcorper minim ex iusto praesent te elitsed erat te veniam volutpat lobortis Utwisi ut dolor eu eros velit vero luptatum volutpat laoreet minim illum nonummy at ac',74),(129,'Germany quilt',120,'3030057',0,'Te dolore duis facilisis erat luptatum feugait lobortis vel lobortis lobortis duis minim adipiscing delenit dignissim exerci blandit vero te odio wisi enim lobortis tationullamcorper facilisis tationullamcorper et nulla iusto lobortis veniam enim esse exerci autem nisl nonummy qui dolore velit nibh ',84),(130,'tights dry',15,'2403179',4,'Lobortis hendrerit vel aliquip nulla molestie lorem praesent volutpat adipiscing iriuredolor ullamcorper qui commodoconsequat nulla qui nisl iriure dolore eum feugiat vero ea nostrud dignissim consectetuer aliquip nulla enim wisi veniamquis praesent dignissim luptatumzzril facilisis at tincidunt lor',56),(131,'jam wrecker',148,'7017398',0,'Commodoconsequat enim accumsan dolore nostrud nulla vel autem ut eum eum ad dignissim consectetuer ea in consequatvel aliquip ea praesent facilisi dolore volutpat in molestie vulputate Utwisi facilisi dolor nostrud eum vel suscipit tation eros facilisis aliquam blandit Utwisi tincidunt iriure conseq',20),(132,'Antarctica doctor',77,'7573454',0,'Volutpat doloremagna delenit qui iustoodio qui ut eufeugiat iustoodio praesent nulla ut ut te vel duis molestie facilisis delenit laoreet augue Utwisi iriure volutpat qui qui minim eros ea vero autem luptatumzzril molestie blandit euismod eum nibh qui et elitsed delenitaugue facilisi ea odio nonummy',6),(133,'cart panther',172,'6999116',10,'Delenitaugue nostrud consectetuer facilisis dignissim hendrerit tation feugiat ea minim nulla autem te feugiat autem Utwisi odio autem qui ex ullamcorper duis doloremagna et consequat aliquip esse tationullamcorper dolore duis.',15),(134,'mountain soy',58,'1648985',0,'Ad praesent nulla duis feugait enim exerci diam exerci iustoodio et luptatum accumsan dolor minim qui facilisi aliquip nulla consectetuer suscipit ex minim aliquip laoreet lobortis commodo enim nibh tationullamcorper ullamcorper duis veniam facilisis te nulla odio blandit esse hendrerit praesent te ',86),(135,'colony toast',34,'8520943',5,'Odio in ipsum dignissim tincidunt blandit doloremagna exerci ex velit vero vero hendrerit accumsan elitsed delenit nostrud minim vero vulputate laoreet commodoconsequat nislut tationullamcorper illum duis aliquip commodo molestie dolore nisl enim duis vero illum vulputate nislut commodoconsequat fac',99),(136,'oak ornament',186,'1079436',0,'Facilisi et duis praesent at exerci facilisi ut delenit minim laoreet et duis autem eros commodoconsequat delenit luptatumzzril nulla dolore eum consequat dignissim illum facilisis veniam amet esse illum in aliquam.',43),(137,'kilometer song',186,'6443140',5,'Volutpat aliquip molestie iriuredolor in et dignissim illum facilisi sit autem lobortis amet illum iusto feugiat ea duis iriuredolor nulla.',93),(138,'commission violet',79,'6932242',8,'Luptatum esse sit ex eum velit iustoodio nibh odio veniam lobortis blandit facilisis veniamquis in lobortis nulla zzril tincidunt dignissim eum consectetuer iriuredolor lobortis doloremagna ex et duis Utwisi autem nisl dolor ullamcorper zzril Utwisi illum ad consequatvel tation ea nulla augue erat t',16),(139,'notify replace',77,'5391310',0,'Veniam duis duis feugiat nibh tincidunt exerci duis minim vel praesent sit feugait dolore eum suscipit aliquip veniamquis facilisi aliquam nisl vel erat lorem ullamcorper illum iriuredolor sit ad praesent illum et ad ea eum dolore eum nibh in nisl te ex vel duis iusto nislut praesent exerci eros ver',40),(140,'crayfish luttuce',27,'2832117',6,'Blandit feugait suscipit veniam elitsed praesent et luptatum nulla molestie facilisi nisl nulla vero autem ad duis iusto qui facilisis te consequat et praesent eros in aliquip adipiscing velit feugiat minim quis enim et dolore enim in nisl quis dolore facilisi hendrerit.',8),(141,'cauliflower hail',101,'1861810',0,'At molestie volutpat etaccumsan nulla dignissim exerci nonummy duis nonummy eros adipiscing consequat lorem tationullamcorper duis molestie vero nostrud esse consequatvel velit nulla in minim delenitaugue ad ea.',51),(142,'shoe skill',179,'4692486',0,'Consectetuer invulputate nislut quis in euismod doloremagna facilisi etaccumsan in nislut nonummy autem illum praesent ea blandit duis euismod aliquip iriure euismod nislut dolore autem lorem consequat minim feugait elitsed blandit nulla iustoodio nulla consectetuer lorem vel delenit enim ipsum laor',62),(143,'grandmother slope',81,'6918104',0,'Consequatvel consequat velit eufeugiat vero eros te hendrerit vero luptatum ea vero nulla in iriure duis velit hendrerit accumsan eufeugiat dolore augue quis ut facilisis hendrerit iriuredolor delenitaugue dolore invulputate consequat dignissim in et vel wisi in vero commodoconsequat commodo facilis',44),(144,'lan glockenspiel',116,'4563476',7,'Illum in Utwisi aliquip nostrud lobortis delenit veniamquis eufeugiat ex exerci nislut luptatumzzril dolore facilisis dignissim feugiat in esse luptatumzzril dolor minim et molestie feugait duis praesent aliquip facilisis iusto consequatvel laoreet eum consequat at odio accumsan ad sit erat vel amet',100),(145,'shallot South Africa',121,'1272449',2,'Eu minim dolor invulputate facilisis dolore nulla ea luptatumzzril facilisis praesent exerci hendrerit et duis ex veniamquis autem aliquam iustoodio vel consequat te in eufeugiat veniam eu tincidunt qui illum consectetuer consectetuer aliquam et iusto sit facilisi exerci te facilisi vel esse etaccum',97),(146,'bicycle jet',160,'5611031',5,'Eros eum doloremagna ut blandit autem molestie in esse te commodoconsequat duis facilisis commodoconsequat facilisi duis lorem Utwisi ut sit ea exerci laoreet qui augue dolore eum delenitaugue consequat tationullamcorper illum autem consequat hendrerit dolore feugiat consequatvel nulla hendrerit ess',11),(147,'Barbara South Korea',178,'975190',0,'Delenitaugue qui accumsan exerci enim dolore dolor eum dignissim Utwisi diam delenit delenit vel nulla vel tationullamcorper nostrud hendrerit dolore aliquip iriuredolor luptatum.',54),(148,'rutabaga spy',192,'1392722',3,'Vulputate dignissim nulla eum adipiscing nibh wisi consequat dolore ea nostrud commodo duis vel ad te duis dolore eufeugiat eros suscipit vel.',58),(149,'tractor sea',48,'2902933',4,'Tation praesent facilisis ut molestie nulla tincidunt nonummy in eum delenit elitsed duis qui eufeugiat suscipit nulla vero eros ipsum accumsan feugiat duis velit Utwisi aliquip facilisis et et dolore nulla eu minim et dolore enim consequat eufeugiat enim duis veniamquis at lorem iusto dolor feugait',6),(150,'screwdriver nut',92,'2542756',0,'Duis elitsed iriuredolor amet Utwisi commodo etaccumsan eros euismod aliquip blandit nisl dolore vel enim nisl dignissim consectetuer ut blandit Utwisi nostrud feugait nulla consequat lorem nostrud praesent dolor lobortis volutpat autem blandit duis et te tation iriuredolor ex te et ut hendrerit lup',9);
/*!40000 ALTER TABLE `product` ENABLE KEYS */;
UNLOCK TABLES;

--
-- Table structure for table `shop`
--

DROP TABLE IF EXISTS `shop`;
/*!40101 SET @saved_cs_client     = @@character_set_client */;
/*!40101 SET character_set_client = utf8 */;
CREATE TABLE `shop` (
  `ID` int(11) NOT NULL AUTO_INCREMENT,
  `name` varchar(100) NOT NULL,
  `address` varchar(300) NOT NULL,
  `supervisor_name` varchar(100) NOT NULL,
  `created_at` timestamp NOT NULL DEFAULT current_timestamp() ON UPDATE current_timestamp(),
  `phone_number` varchar(11) NOT NULL,
  `independent` tinyint(1) DEFAULT NULL,
  `is_deleted` tinyint(1) DEFAULT 0,
  PRIMARY KEY (`ID`)
) ENGINE=InnoDB AUTO_INCREMENT=101 DEFAULT CHARSET=utf8mb4;
/*!40101 SET character_set_client = @saved_cs_client */;

--
-- Dumping data for table `shop`
--

LOCK TABLES `shop` WRITE;
/*!40000 ALTER TABLE `shop` DISABLE KEYS */;
INSERT INTO `shop` (`ID`, `name`, `address`, `supervisor_name`, `created_at`, `phone_number`, `independent`, `is_deleted`) VALUES (1,'Interactive South','400 Mendoza Land Suite 138\nEast Jeremyview, KS 47606','SusanMurray','2003-12-11 17:31:40','(651)944-90',1,0),(2,'Advanced Adventure Net','USNS Martinez\nFPO AP 61765','MichaelHolmes','2010-04-20 06:06:10','(202)823-14',1,0),(3,'General Resource Virtual','11878 Shawn Manor Apt. 531\nMonicaburgh, FL 50220','ChelseaWood','2021-12-05 20:30:23','(605)978-70',1,0),(4,'Internet Innovation Net','7471 Davis Islands\nLake Laurenborough, NY 67040','RaymondLee','2019-04-30 11:53:56','(304)941-30',1,0),(5,'Pacific Graphics','6008 Dustin Pines\nWest Taylormouth, IN 84812','AlexWest','2004-01-04 22:54:20','(270)634-81',1,0),(6,'Resource Research Frontier','PSC 0454, Box 7650\nAPO AE 04153','LauraYoung','2000-10-11 12:42:30','(770)311-27',0,0),(7,'Analysis Omega','20382 Patrick Ford Suite 595\nPort Kevin, MD 17446','JohnBarker','2014-01-17 07:56:28','(845)417-16',1,0),(8,'Studio Electronics','0605 Romero Corner Apt. 278\nLake Savannahport, RI 47097','NicholasDelgado','2004-12-18 02:46:43','(847)985-41',0,0),(9,'Building Solutions Architecture','17113 Williams Locks Apt. 115\nChristopherville, CO 47182','AmberWaters','2008-04-30 01:44:33','(208)828-43',1,0),(10,'Innovation Vision','2150 Derek Ramp\nEast Amanda, DC 52782','ChristopherChaney','2017-11-01 03:06:23','(830)171-49',0,0),(11,'Building Vision Architecture','78578 Gilbert Mall Suite 465\nNorth Greggshire, NC 88433','SarahBurnett','2004-06-21 14:20:33','(219)765-95',0,0),(12,'Telecom Technology','5285 Amanda Neck Suite 480\nWest Kevinview, MT 33093','TammyKing','2003-08-16 21:00:22','(303)406-44',1,0),(13,'Future Resource','476 Christopher Course Apt. 282\nNorth Angie, VT 96055','TimothyGill','1995-12-20 20:02:30','(936)440-99',1,0),(14,'Pacific South Contract','72676 Ryan Mission Suite 407\nKariton, VT 06757','JacobGordon','2022-04-14 16:35:13','(240)816-47',1,0),(15,'Electronics Venture Advanced','45668 Travis Trace Apt. 309\nPort Andrew, NM 95241','JoshuaRyan','2003-07-25 23:26:30','(914)171-19',0,0),(16,'Solutions Studio Star','7576 Mckinney Tunnel\nSouth Meghan, DC 49524','DouglasTravis','2020-06-19 11:29:34','(254)750-76',0,0),(17,'Advanced Speed','63228 Jackson Junctions\nPort Maria, WI 76858','DerekJohnson','1999-06-13 11:30:38','(727)709-31',1,0),(18,'Frontier Research Contract','597 Stephanie Vista Apt. 200\nBurgessport, VA 55172','AshleyCasey','2000-01-03 11:10:52','(207)811-87',0,0),(19,'Advanced West Pacific','28188 Steve Port Apt. 337\nPort Meagan, NY 19288','TeresaLopez','2007-07-13 08:11:21','(724)685-28',0,0),(20,'Design Signal','6590 Fowler Spurs\nBakerview, IN 34464','KyleJoseph','2020-03-06 13:44:33','(567)536-24',0,0),(21,'Software Speed','3586 Nina Squares Suite 947\nEast Christophermouth, SC 40830','SamanthaSampson','2008-07-17 01:52:10','(225)267-45',0,0),(22,'Net Hardware Direct','52381 Martin Locks Apt. 429\nPort Ruth, NJ 38131','DavidKelley','1996-12-24 16:24:46','(859)470-62',0,0),(23,'Solutions Studio','9214 Mark Loaf Suite 471\nPhelpsville, MA 64475','ChristopherClark','2002-12-26 09:53:36','(207)451-98',0,0),(24,'People Star Vision','687 Smith Oval\nSouth Jessicaville, OH 06263','BrendaManning','2005-08-30 12:58:37','(941)210-37',0,0),(25,'Speed Research','050 Perkins Plain Apt. 350\nSouth Melissa, LA 60016','KimberlyHernandez','1999-08-06 04:38:55','(859)673-17',0,0),(26,'Resource Network','PSC 8026, Box 8561\nAPO AE 06135','DonaldGill','2008-05-16 07:46:04','(559)520-58',1,0),(27,'Technology Medicine Venture','119 Holloway Underpass Suite 241\nPort Tammy, AK 84634','JuanCain','2014-10-29 20:35:02','(917)973-41',1,0),(28,'Electronics Graphics Electronics','96926 Nicholas Tunnel Suite 458\nWest Hannah, TN 93770','TimothyBurton','2008-05-27 11:57:36','(716)168-38',0,0),(29,'Building Hardware Solutions','306 Tyler Stream\nPort George, GA 33980','CourtneyAdkins','2021-09-20 08:21:20','(724)291-16',1,0),(30,'Solutions Vision Hill','449 Gonzalez Prairie\nWest Pamela, GA 31249','StevenChambers','2005-09-29 14:13:53','(319)796-86',0,0),(31,'Resource Universal','670 Sherry Station Suite 318\nEast Matthewfurt, AR 22034','VincentLawrence','2005-08-04 02:54:39','(507)678-99',1,0),(32,'Alpha Adventure Federated','8764 Ronald Hollow Apt. 907\nNew Larryburgh, MA 53342','ChristopherHopkins','1995-04-21 00:30:03','(406)346-23',1,0),(33,'Industries Direct','8232 Jimmy Crossroad\nMorrowshire, OH 43492','KristenOlson','2015-06-23 05:51:32','(731)915-34',1,0),(34,'Network Frontier Hardware','19603 Julie Prairie\nReneemouth, TX 18136','BryanHiggins','2003-04-13 15:39:34','(330)348-30',0,0),(35,'Electronic Universal Future','9912 Deborah Light Apt. 313\nWest Fernandobury, KS 35913','MichaelCarlson','2000-08-11 18:25:34','(785)729-50',1,0),(36,'Electronic Application Vision','946 Chavez Villages Suite 755\nGillshire, AL 81866','CarlosMayo','2000-06-19 07:31:34','(972)506-12',1,0),(37,'Solutions Solutions','Unit 8949 Box 0304\nDPO AA 39395','RaymondPotts','2013-08-23 18:59:55','(701)845-30',1,0),(38,'Medicine Alpha Studio','7753 Katelyn Wells Apt. 885\nLake Samantha, WI 36938','JohnTorres','2008-05-23 21:01:13','(801)791-14',0,0),(39,'Galaxy Architecture Venture','0014 James Hollow Suite 603\nPaulville, PA 25842','BradleyWillis','1995-07-11 22:22:58','(682)683-64',1,0),(40,'Vision Innovation Adventure','3053 Kidd Vista\nPort Gloria, WA 83791','BrianWhite','1996-09-20 13:43:34','(502)552-18',1,0),(41,'Architecture Advanced Application','3965 Kristy Mission\nEast Veronicamouth, AR 08674','TeresaChristensen','2002-06-18 09:50:56','(781)135-95',1,0),(42,'Technology Consulting','19218 Russo River\nNorth Joshua, NH 23180','SergioShaw','2006-10-25 04:25:01','(227)775-53',0,0),(43,'Advanced Data','USCGC Knapp\nFPO AP 46204','ToddFreeman','2006-05-07 08:06:31','(917)565-13',1,0),(44,'Omega Bell Innovation','753 Mary Drive Suite 036\nFoxton, WA 82808','GregoryDavis','2009-06-08 12:10:27','(915)638-69',1,0),(45,'Alpha Star','Unit 6188 Box 8579\nDPO AA 02226','RichardGriffin','2019-11-08 05:58:39','(208)135-76',0,0),(46,'Hill Contract Speed','2286 Strong Station Suite 679\nNew Alexisport, TX 64614','AprilDavis','2018-05-22 12:59:31','(512)538-34',1,0),(47,'Contract East Provider','92385 Brown Rest\nMichellefort, MT 61139','PamelaFranco','2008-05-17 14:57:17','(408)574-94',1,0),(48,'Analysis Internet','57131 Ford Lakes Apt. 932\nMichelleshire, ND 13728','SarahWilson','1998-03-06 16:49:57','(831)581-40',1,0),(49,'Bell Software Graphics','0261 Tammy Dale\nKellystad, MD 60065','MartinRivas','1994-04-24 01:17:20','(641)629-77',0,0),(50,'Net General Signal','USCGC Palmer\nFPO AP 70473','LisaFarrell','2004-05-11 08:30:28','(405)168-30',1,0),(51,'Consulting Electronic Solutions','USCGC Quinn\nFPO AE 27609','KimberlyBrown','1997-12-17 14:15:03','(775)485-21',1,0),(52,'Electronic Medicine Hardware','5195 Smith Extension Apt. 757\nNorth Jeremyview, WY 59942','VeronicaBooth','2001-03-04 08:35:31','(715)736-94',0,0),(53,'Data Power Net','44900 Boone Forest Apt. 614\nSouth Jeffrey, FL 61499','TammyShort','2006-05-13 03:40:15','(706)899-97',0,0),(54,'Electronics North Data','7783 Rebecca Lake Apt. 190\nLucasside, MT 48625','JillPorter','2016-08-24 19:58:59','(660)931-87',0,0),(55,'Net Federated','911 Spencer Points\nPort Elizabeth, CA 85735','JamesJones','1994-03-26 19:00:52','(805)342-64',0,0),(56,'Industries Graphics Software','890 Kelley Dam Suite 175\nSamuelberg, NC 79836','TimothyJohnson','1994-07-25 18:19:57','(541)605-89',0,0),(57,'Universal Galaxy Research','695 Brennan Walk Apt. 004\nAliciafort, ND 29839','AnthonyMarshall','2019-12-11 15:33:42','(850)848-93',0,0),(58,'Graphics Alpha','011 Moran Tunnel Suite 376\nGrayville, MD 58334','SarahWatson','2006-08-22 04:12:01','(586)759-21',1,0),(59,'Building Alpha Advanced','1934 Samantha Viaduct\nFishermouth, DE 23341','JenniferSmith','1996-02-11 20:42:23','(805)142-72',1,0),(60,'Systems East Hardware','6778 Joshua Throughway\nNorth Juliebury, RI 05948','BethRobinson','2001-09-24 12:45:30','(303)677-56',1,0),(61,'Hill Solutions People','783 Peterson Trail Suite 526\nMorrisburgh, AR 78814','ChristopherGreen','2002-07-17 04:25:14','(260)990-11',0,0),(62,'Universal Graphics Solutions','2526 Brandon Extension Suite 089\nBrownburgh, CO 79382','SherryWard','1998-10-15 05:08:39','(712)588-35',0,0),(63,'Technology Contract Resource','209 Carmen Squares Suite 846\nEast Alexisshire, IN 36819','GrantAlexander','1998-06-12 21:42:48','(714)165-53',1,0),(64,'Electronics Technology Vision','5045 Ashley Highway Suite 604\nLoganton, CA 45820','GinaWarren','2019-11-29 10:45:42','(605)284-50',1,0),(65,'Network Venture','PSC 8632, Box 4727\nAPO AE 39147','ScottRichards','2021-06-24 09:14:47','(501)241-37',1,0),(66,'Omega Graphics Vision','831 Robert Cliffs\nWilliamburgh, AL 35594','CharlesWeeks','1995-05-26 08:28:11','(203)547-77',0,0),(67,'Atlantic Technology','2370 Wu Points Suite 653\nShawnshire, AR 38392','KrystalBailey','2020-12-22 15:11:56','(641)190-38',1,0),(68,'Pacific Hill Design','983 Kristin Ways Suite 762\nMorganshire, NH 67839','KathyDavis','2008-10-29 03:43:15','(435)906-45',0,0),(69,'Speed East Design','0990 Allison Curve\nLake Saraville, MN 46934','AmandaNelson','2014-10-18 15:53:41','(608)286-35',1,0),(70,'Speed Net Electronic','3457 William Ports\nMichelleberg, MS 85906','JasonFlores','2012-12-04 09:20:19','(318)658-41',1,0),(71,'Innovation Provider Telecom','02731 Caleb Falls\nWest Andrew, SD 24120','NathanDavila','1996-05-18 09:51:18','(702)590-94',1,0),(72,'Network Interactive','142 Young Field\nNew Benjamin, CO 25468','VictorWarren','1994-01-19 08:19:33','(505)973-63',1,0),(73,'Internet Vision','272 Heather Divide\nLake David, WY 24126','BrittanyRodriguez','1996-01-30 21:12:35','(240)909-59',1,0),(74,'Virtual Network','3331 Jones Turnpike Apt. 967\nAmyborough, NM 78965','StephanieParrish','1992-12-16 04:11:58','(717)485-41',1,0),(75,'Design Alpha','5907 Avila Bridge\nJoneschester, AR 86930','ZacharyMorgan','2015-06-27 08:00:10','(619)373-34',0,0),(76,'Digital Provider Virtual','04336 Cook Gardens\nDavisville, LA 45843','MichaelRogers','2020-03-31 01:10:56','(580)819-35',0,0),(77,'Graphics Atlantic','004 Brianna Meadow Suite 483\nConwayfort, IN 13432','RobertHolt','2008-06-10 16:52:57','(323)691-89',0,0),(78,'Hill Software','8339 Carson Avenue Suite 001\nCrystalmouth, WI 79102','WilliamNovak','1993-04-16 15:32:17','(563)682-87',0,0),(79,'Vision Hardware North','49967 Sean Estate\nBondstad, MA 33097','AngieMorgan','2016-06-15 20:07:53','(859)317-40',0,0),(80,'Construction Software','USNS Jackson\nFPO AE 60707','JorgeSchwartz','2009-01-18 06:59:24','(857)430-39',1,0),(81,'Frontier Hardware Alpha','685 Christina Bypass\nWest Sheri, OH 06103','KennethAllen','2009-07-08 06:52:43','(281)866-42',1,0),(82,'Innovation North South','96010 Kyle Junctions\nJessicahaven, NM 82020','LisaLee','1992-10-02 09:10:07','(835)282-98',1,0),(83,'Omega Technology Systems','389 Meyers Ways Suite 461\nChadshire, IA 93887','JessicaTravis','2012-04-01 10:51:11','(763)776-34',1,0),(84,'Atlantic Building','38644 Susan Walk\nWest Sharonchester, IL 74979','RichardMitchell','1997-03-21 00:24:21','(949)228-44',1,0),(85,'Vision Adventure Studio','705 Sheila Freeway Suite 428\nPort Pamela, AZ 15807','JesseJennings','2016-03-01 11:51:03','(475)785-81',1,0),(86,'Frontier Studio Advanced','969 Chloe Crest\nNew Douglasbury, AR 24193','AnitaHodges','2004-05-18 01:46:07','(208)310-49',0,0),(87,'Federated Speed Data','809 Barber Forges Apt. 634\nWest Debbieside, CO 13511','MatthewBrown','2011-11-10 08:28:10','(256)801-12',1,0),(88,'Galaxy Omega','84761 Stephanie Plains Suite 987\nEast Michael, DE 11813','LukeMoore','1996-12-19 10:31:50','(202)137-36',0,0),(89,'Galaxy Medicine','553 Liu Mission\nVincentville, KY 46084','RobertWhite','2000-01-14 23:02:37','(207)804-69',1,0),(90,'General Graphics Hill','2488 Macias River\nBellbury, MI 04503','JuanSmith','2012-01-30 14:58:20','(415)926-80',1,0),(91,'Contract Innovation Power','9317 Lisa Plaza\nLake Karen, KS 23004','TanyaRamirez','2009-12-22 18:10:07','(406)976-88',0,0),(92,'Internet Solutions Frontier','31195 Richard Summit\nSouth Sara, AL 29900','BrianFoley','2021-01-10 15:22:30','(737)155-92',1,0),(93,'Alpha General Frontier','3084 Jensen Corner\nCaldwellborough, AK 97500','JenniferHarris','1998-07-13 10:45:48','(215)413-34',1,0),(94,'Solutions Contract Speed','Unit 0963 Box 7182\nDPO AP 56800','JaniceKennedy','1993-03-07 12:24:10','(224)355-46',0,0),(95,'Telecom Data Innovation','4795 Mullins Ranch\nJuliahaven, IA 82555','DanielDixon','1999-01-02 20:06:03','(214)297-95',1,0),(96,'Virtual Design Electronics','USS White\nFPO AA 78380','EthanMartin','1994-03-08 14:14:11','(502)199-55',1,0),(97,'Galaxy Alpha Advanced','23078 Kathryn Circles\nLake William, CA 92743','JosephRobertson','2019-01-14 07:45:20','(304)628-44',1,0),(98,'Electronics Alpha Application','89826 Brandon Gardens\nMartinborough, RI 38182','MariaOsborne','2012-01-22 09:33:06','(351)351-35',0,0),(99,'Bell Technology Digital','341 Michelle Trafficway\nEast Jamesville, DE 77363','ChristinaCollins','1996-01-18 17:28:48','(804)348-82',0,0),(100,'Frontier Net Provider','84112 Eric Glens\nLowerystad, NE 96996','StacieCollier','2016-01-14 11:22:42','(434)761-64',1,0);
/*!40000 ALTER TABLE `shop` ENABLE KEYS */;
UNLOCK TABLES;
/*!40103 SET TIME_ZONE=@OLD_TIME_ZONE */;

/*!40101 SET SQL_MODE=@OLD_SQL_MODE */;
/*!40014 SET FOREIGN_KEY_CHECKS=@OLD_FOREIGN_KEY_CHECKS */;
/*!40014 SET UNIQUE_CHECKS=@OLD_UNIQUE_CHECKS */;
/*!40101 SET CHARACTER_SET_CLIENT=@OLD_CHARACTER_SET_CLIENT */;
/*!40101 SET CHARACTER_SET_RESULTS=@OLD_CHARACTER_SET_RESULTS */;
/*!40101 SET COLLATION_CONNECTION=@OLD_COLLATION_CONNECTION */;
/*!40111 SET SQL_NOTES=@OLD_SQL_NOTES */;

-- Dump completed on 2022-05-04  1:33:51
